bg_id,census_geo_id,geo_id,flood,anthrax,
1,1500000US420030103001,420030103001,0,1.0,
2,1500000US420030103002,420030103002,0,1.0,
3,1500000US420030103003,420030103003,0,0.9,
4,1500000US420030103004,420030103004,0,0.7,
5,1500000US420030201001,420030201001,0,1.0,
6,1500000US420030201002,420030201002,0,1.0,
7,1500000US420030201003,420030201003,0,1.0,
8,1500000US420030201004,420030201004,0,1.0,
9,1500000US420030201005,420030201005,0,1.0,
10,1500000US420030201006,420030201006,0,1.0,
11,1500000US420030203001,420030203001,0,0.6,
12,1500000US420030305001,420030305001,0,1.0,
13,1500000US420030305002,420030305002,0,0.9,
14,1500000US420030402001,420030402001,0,0.4,
15,1500000US420030402002,420030402002,0,0.0,
16,1500000US420030404001,420030404001,0,0.0,
17,1500000US420030404002,420030404002,0,0.0,
18,1500000US420030405001,420030405001,0,0.0,
19,1500000US420030405002,420030405002,0,0.0,
20,1500000US420030406001,420030406001,0,0.0,
21,1500000US420030409001,420030409001,0,0.0,
22,1500000US420030409002,420030409002,0,0.0,
23,1500000US420030409003,420030409003,0,0.0,
24,1500000US420030501001,420030501001,0,0.0,
25,1500000US420030501002,420030501002,0,0.5,
26,1500000US420030501003,420030501003,0,0.8,
27,1500000US420030506001,420030506001,0,0.0,
28,1500000US420030506002,420030506002,0,0.0,
29,1500000US420030506003,420030506003,0,0.0,
30,1500000US420030509001,420030509001,0,0.6,
31,1500000US420030510001,420030510001,0,0.5,
32,1500000US420030510002,420030510002,0,0.0,
33,1500000US420030511001,420030511001,0,0.7,
34,1500000US420030603001,420030603001,0,0.0,
35,1500000US420030603002,420030603002,0,0.0,
36,1500000US420030605001,420030605001,0,0.3,
37,1500000US420030605002,420030605002,0,0.0,
38,1500000US420030703001,420030703001,0,0.0,
39,1500000US420030703002,420030703002,0,0.0,
40,1500000US420030703003,420030703003,0,0.0,
41,1500000US420030705001,420030705001,0,0.0,
42,1500000US420030705002,420030705002,0,0.0,
43,1500000US420030705003,420030705003,0,0.0,
44,1500000US420030706001,420030706001,0,0.0,
45,1500000US420030706002,420030706002,0,0.0,
46,1500000US420030708001,420030708001,0,0.0,
47,1500000US420030708002,420030708002,0,0.0,
48,1500000US420030709001,420030709001,0,0.0,
49,1500000US420030709002,420030709002,0,0.0,
50,1500000US420030709003,420030709003,0,0.0,
51,1500000US420030709004,420030709004,0,0.0,
52,1500000US420030802001,420030802001,0,0.0,
53,1500000US420030802002,420030802002,0,0.0,
54,1500000US420030804001,420030804001,0,0.0,
55,1500000US420030804002,420030804002,0,0.0,
56,1500000US420030806001,420030806001,0,0.0,
57,1500000US420030806002,420030806002,0,0.0,
58,1500000US420030807001,420030807001,0,0.0,
59,1500000US420030807002,420030807002,0,0.0,
60,1500000US420030809001,420030809001,0,0.0,
61,1500000US420030809002,420030809002,0,0.0,
62,1500000US420030901001,420030901001,0,0.0,
63,1500000US420030901002,420030901002,0,0.0,
64,1500000US420030902001,420030902001,0,0.0,
65,1500000US420030902002,420030902002,0,0.0,
66,1500000US420030902003,420030902003,0,0.0,
67,1500000US420030903001,420030903001,0,0.0,
68,1500000US420030903002,420030903002,0,0.0,
69,1500000US420031005001,420031005001,0,0.0,
70,1500000US420031005002,420031005002,0,0.0,
71,1500000US420031011001,420031011001,0,0.0,
72,1500000US420031011002,420031011002,0,0.0,
73,1500000US420031011003,420031011003,0,0.0,
74,1500000US420031014001,420031014001,0,0.0,
75,1500000US420031014002,420031014002,0,0.0,
76,1500000US420031014003,420031014003,0,0.0,
77,1500000US420031014004,420031014004,0,0.0,
78,1500000US420031016001,420031016001,0,0.0,
79,1500000US420031017001,420031017001,0,0.0,
80,1500000US420031017002,420031017002,0,0.0,
81,1500000US420031018001,420031018001,0,0.0,
82,1500000US420031018002,420031018002,0,0.0,
83,1500000US420031102001,420031102001,0,0.0,
84,1500000US420031102002,420031102002,0,0.0,
85,1500000US420031102003,420031102003,0,0.0,
86,1500000US420031102004,420031102004,0,0.0,
87,1500000US420031106001,420031106001,0,0.0,
88,1500000US420031106002,420031106002,0,0.0,
89,1500000US420031106003,420031106003,0,0.0,
90,1500000US420031113001,420031113001,0,0.0,
91,1500000US420031113002,420031113002,0,0.0,
92,1500000US420031113003,420031113003,0,0.0,
93,1500000US420031113004,420031113004,0,0.0,
94,1500000US420031114001,420031114001,0,0.0,
95,1500000US420031114002,420031114002,0,0.0,
96,1500000US420031115001,420031115001,0,0.0,
97,1500000US420031115002,420031115002,0,0.0,
98,1500000US420031115003,420031115003,0,0.0,
99,1500000US420031115004,420031115004,0,0.0,
100,1500000US420031203001,420031203001,0,0.0,
101,1500000US420031203002,420031203002,0,0.0,
102,1500000US420031204001,420031204001,0,0.0,
103,1500000US420031204002,420031204002,0,0.0,
104,1500000US420031207001,420031207001,0,0.0,
105,1500000US420031207002,420031207002,0,0.0,
106,1500000US420031208001,420031208001,0,0.0,
107,1500000US420031208002,420031208002,0,0.0,
108,1500000US420031301001,420031301001,0,0.0,
109,1500000US420031301002,420031301002,0,0.0,
110,1500000US420031301003,420031301003,0,0.0,
111,1500000US420031302001,420031302001,0,0.0,
112,1500000US420031302002,420031302002,0,0.0,
113,1500000US420031303001,420031303001,0,0.0,
114,1500000US420031303002,420031303002,0,0.0,
115,1500000US420031303003,420031303003,0,0.0,
116,1500000US420031304001,420031304001,0,0.0,
117,1500000US420031304002,420031304002,0,0.0,
118,1500000US420031304003,420031304003,0,0.0,
119,1500000US420031306001,420031306001,0,0.0,
120,1500000US420031306002,420031306002,0,0.0,
121,1500000US420031306003,420031306003,0,0.0,
122,1500000US420031401001,420031401001,0,0.0,
123,1500000US420031401002,420031401002,0,0.0,
124,1500000US420031401003,420031401003,0,0.0,
125,1500000US420031401004,420031401004,0,0.0,
126,1500000US420031402001,420031402001,0,0.0,
127,1500000US420031402002,420031402002,0,0.0,
128,1500000US420031403001,420031403001,0,0.0,
129,1500000US420031403002,420031403002,0,0.0,
130,1500000US420031403003,420031403003,0,0.0,
131,1500000US420031403004,420031403004,0,0.0,
132,1500000US420031404001,420031404001,0,0.0,
133,1500000US420031404002,420031404002,0,0.0,
134,1500000US420031404003,420031404003,0,0.0,
135,1500000US420031405001,420031405001,0,0.0,
136,1500000US420031405002,420031405002,0,0.0,
137,1500000US420031405003,420031405003,0,0.0,
138,1500000US420031406001,420031406001,0,0.0,
139,1500000US420031406002,420031406002,0,0.0,
140,1500000US420031406003,420031406003,0,0.0,
141,1500000US420031408001,420031408001,0,0.0,
142,1500000US420031408002,420031408002,0,0.0,
143,1500000US420031408003,420031408003,0,0.0,
144,1500000US420031410001,420031410001,0,0.0,
145,1500000US420031411001,420031411001,0,0.0,
146,1500000US420031413001,420031413001,0,0.0,
147,1500000US420031413002,420031413002,0,0.0,
148,1500000US420031413003,420031413003,0,0.0,
149,1500000US420031414001,420031414001,0,0.0,
150,1500000US420031414002,420031414002,0,0.0,
151,1500000US420031414003,420031414003,0,0.0,
152,1500000US420031414004,420031414004,0,0.0,
153,1500000US420031414005,420031414005,0,0.0,
154,1500000US420031516001,420031516001,0,0.0,
155,1500000US420031516002,420031516002,0,0.0,
156,1500000US420031516003,420031516003,0,0.0,
157,1500000US420031517001,420031517001,0,0.0,
158,1500000US420031517002,420031517002,0,0.0,
159,1500000US420031517003,420031517003,0,0.0,
160,1500000US420031517004,420031517004,0,0.0,
161,1500000US420031517005,420031517005,0,0.0,
162,1500000US420031517006,420031517006,0,0.0,
163,1500000US420031608001,420031608001,0,0.0,
164,1500000US420031608002,420031608002,0,0.0,
165,1500000US420031608003,420031608003,0,0.0,
166,1500000US420031608004,420031608004,0,0.4,
167,1500000US420031609001,420031609001,0,0.5,
168,1500000US420031609002,420031609002,0,0.4,
169,1500000US420031702001,420031702001,0,1.0,
170,1500000US420031702002,420031702002,0,0.7,
171,1500000US420031702003,420031702003,0,0.9,
172,1500000US420031702004,420031702004,0,0.6,
173,1500000US420031706001,420031706001,0,0.8,
174,1500000US420031706002,420031706002,0,0.6,
175,1500000US420031706003,420031706003,0,0.6,
176,1500000US420031803001,420031803001,0,0.9,
177,1500000US420031803002,420031803002,0,0.8,
178,1500000US420031803003,420031803003,0,0.0,
179,1500000US420031807001,420031807001,0,1.0,
180,1500000US420031807002,420031807002,0,1.0,
181,1500000US420031807003,420031807003,0,0.9,
182,1500000US420031903001,420031903001,0,1.0,
183,1500000US420031903002,420031903002,0,0.9,
184,1500000US420031911001,420031911001,0,0.7,
185,1500000US420031911002,420031911002,0,0.6,
186,1500000US420031914001,420031914001,0,1.0,
187,1500000US420031914002,420031914002,0,0.9,
188,1500000US420031915001,420031915001,0,0.7,
189,1500000US420031915002,420031915002,0,0.8,
190,1500000US420031916001,420031916001,0,0.4,
191,1500000US420031916002,420031916002,0,0.0,
192,1500000US420031916003,420031916003,0,0.0,
193,1500000US420031916004,420031916004,0,0.0,
194,1500000US420031916005,420031916005,0,0.0,
195,1500000US420031917001,420031917001,0,0.0,
196,1500000US420031917002,420031917002,0,0.0,
197,1500000US420031917003,420031917003,0,0.0,
198,1500000US420031918001,420031918001,0,0.0,
199,1500000US420031918002,420031918002,0,0.0,
200,1500000US420031918003,420031918003,0,0.0,
201,1500000US420031918004,420031918004,0,0.0,
202,1500000US420031918005,420031918005,0,0.0,
203,1500000US420031918006,420031918006,0,0.0,
204,1500000US420031918007,420031918007,0,0.0,
205,1500000US420031919001,420031919001,0,0.0,
206,1500000US420031919002,420031919002,0,0.0,
207,1500000US420031919003,420031919003,0,0.0,
208,1500000US420031920001,420031920001,0,0.0,
209,1500000US420031920002,420031920002,0,0.0,
210,1500000US420031920003,420031920003,0,0.0,
211,1500000US420031920004,420031920004,0,0.0,
212,1500000US420031920005,420031920005,0,0.0,
213,1500000US420032022001,420032022001,0,0.3,
214,1500000US420032022002,420032022002,0,0.0,
215,1500000US420032022003,420032022003,0,0.0,
216,1500000US420032023001,420032023001,0,0.3,
217,1500000US420032023002,420032023002,0,0.0,
218,1500000US420032023003,420032023003,0,0.0,
219,1500000US420032023004,420032023004,0,0.0,
220,1500000US420032107001,420032107001,0,0.6,
221,1500000US420032107002,420032107002,0,0.4,
222,1500000US420032206001,420032206001,0,0.9,
223,1500000US420032206002,420032206002,0,0.9,
224,1500000US420032406001,420032406001,0,0.5,
225,1500000US420032406002,420032406002,0,0.6,
226,1500000US420032412001,420032412001,0,0.4,
227,1500000US420032412002,420032412002,0,0.8,
228,1500000US420032503001,420032503001,0,0.8,
229,1500000US420032507001,420032507001,0,0.5,
230,1500000US420032509001,420032509001,0,0.8,
231,1500000US420032509002,420032509002,0,0.7,
232,1500000US420032602001,420032602001,0,0.0,
233,1500000US420032602002,420032602002,0,0.0,
234,1500000US420032602003,420032602003,0,0.0,
235,1500000US420032607001,420032607001,0,0.0,
236,1500000US420032607002,420032607002,0,0.0,
237,1500000US420032609001,420032609001,0,0.0,
238,1500000US420032612001,420032612001,0,0.0,
239,1500000US420032614001,420032614001,0,0.5,
240,1500000US420032614002,420032614002,0,0.6,
241,1500000US420032614003,420032614003,0,0.5,
242,1500000US420032614004,420032614004,0,0.5,
243,1500000US420032615001,420032615001,0,0.0,
244,1500000US420032615002,420032615002,0,0.3,
245,1500000US420032620001,420032620001,0,0.7,
246,1500000US420032620002,420032620002,0,0.6,
247,1500000US420032620003,420032620003,0,0.5,
248,1500000US420032701001,420032701001,0,0.0,
249,1500000US420032701002,420032701002,0,0.0,
250,1500000US420032703001,420032703001,0,0.0,
251,1500000US420032703002,420032703002,0,0.0,
252,1500000US420032704001,420032704001,0,0.3,
253,1500000US420032708001,420032708001,0,0.0,
254,1500000US420032708002,420032708002,0,0.0,
255,1500000US420032708003,420032708003,0,0.0,
256,1500000US420032715001,420032715001,0,0.0,
257,1500000US420032715002,420032715002,0,0.3,
258,1500000US420032715003,420032715003,0,0.3,
259,1500000US420032814001,420032814001,0,0.3,
260,1500000US420032814002,420032814002,0,0.3,
261,1500000US420032815001,420032815001,0,0.3,
262,1500000US420032815002,420032815002,0,0.3,
263,1500000US420032901001,420032901001,0,0.0,
264,1500000US420032901002,420032901002,0,0.0,
265,1500000US420032901003,420032901003,0,0.0,
266,1500000US420032902001,420032902001,0,0.0,
267,1500000US420032902002,420032902002,0,0.0,
268,1500000US420032902003,420032902003,0,0.0,
269,1500000US420032902004,420032902004,0,0.0,
270,1500000US420032902005,420032902005,0,0.0,
271,1500000US420032904001,420032904001,0,0.0,
272,1500000US420032904002,420032904002,0,0.0,
273,1500000US420032904003,420032904003,0,0.0,
274,1500000US420032904004,420032904004,0,0.0,
275,1500000US420032904005,420032904005,0,0.0,
276,1500000US420033001001,420033001001,0,0.0,
277,1500000US420033001002,420033001002,0,0.0,
278,1500000US420033001003,420033001003,0,0.0,
279,1500000US420033001004,420033001004,0,0.0,
280,1500000US420033001005,420033001005,0,0.0,
281,1500000US420033001006,420033001006,0,0.0,
282,1500000US420033102001,420033102001,0,0.0,
283,1500000US420033102002,420033102002,0,0.0,
284,1500000US420033102003,420033102003,0,0.0,
285,1500000US420033102004,420033102004,0,0.0,
286,1500000US420033102005,420033102005,0,0.0,
287,1500000US420033103001,420033103001,0,0.0,
288,1500000US420033204001,420033204001,0,0.0,
289,1500000US420033204002,420033204002,0,0.0,
290,1500000US420033204003,420033204003,0,0.0,
291,1500000US420033206001,420033206001,0,0.0,
292,1500000US420033206002,420033206002,0,0.0,
293,1500000US420033207001,420033207001,0,0.0,
294,1500000US420033207002,420033207002,0,0.0,
295,1500000US420034011001,420034011001,0,0.0,
296,1500000US420034011002,420034011002,0,0.0,
297,1500000US420034011003,420034011003,0,0.0,
298,1500000US420034011004,420034011004,0,0.0,
299,1500000US420034012001,420034012001,0,0.0,
300,1500000US420034012002,420034012002,0,0.0,
301,1500000US420034012003,420034012003,0,0.0,
302,1500000US420034012004,420034012004,0,0.0,
303,1500000US420034013001,420034013001,0,0.0,
304,1500000US420034013002,420034013002,0,0.0,
305,1500000US420034013003,420034013003,0,0.0,
306,1500000US420034020001,420034020001,0,0.0,
307,1500000US420034020002,420034020002,0,0.0,
308,1500000US420034020003,420034020003,0,0.0,
309,1500000US420034020004,420034020004,0,0.0,
310,1500000US420034035001,420034035001,0,0.0,
311,1500000US420034035002,420034035002,0,0.0,
312,1500000US420034035003,420034035003,0,0.0,
313,1500000US420034035004,420034035004,0,0.0,
314,1500000US420034035005,420034035005,0,0.0,
315,1500000US420034040001,420034040001,0,0.0,
316,1500000US420034050001,420034050001,0,0.0,
317,1500000US420034050002,420034050002,0,0.0,
318,1500000US420034060001,420034060001,0,0.0,
319,1500000US420034060002,420034060002,0,0.0,
320,1500000US420034070011,420034070011,0,0.0,
321,1500000US420034070012,420034070012,0,0.0,
322,1500000US420034070013,420034070013,0,0.0,
323,1500000US420034070014,420034070014,0,0.0,
324,1500000US420034070021,420034070021,0,0.0,
325,1500000US420034070022,420034070022,0,0.0,
326,1500000US420034070023,420034070023,0,0.0,
327,1500000US420034070024,420034070024,0,0.0,
328,1500000US420034080011,420034080011,0,0.0,
329,1500000US420034080012,420034080012,0,0.0,
330,1500000US420034080013,420034080013,0,0.0,
331,1500000US420034080021,420034080021,0,0.0,
332,1500000US420034080022,420034080022,0,0.0,
333,1500000US420034090001,420034090001,0,0.0,
334,1500000US420034090002,420034090002,0,0.0,
335,1500000US420034090003,420034090003,0,0.0,
336,1500000US420034090004,420034090004,0,0.0,
337,1500000US420034100001,420034100001,0,0.0,
338,1500000US420034110001,420034110001,0,0.0,
339,1500000US420034110002,420034110002,0,0.0,
340,1500000US420034110003,420034110003,0,0.0,
341,1500000US420034120011,420034120011,0,0.0,
342,1500000US420034120012,420034120012,0,0.0,
343,1500000US420034120013,420034120013,0,0.0,
344,1500000US420034120014,420034120014,0,0.0,
345,1500000US420034120021,420034120021,0,0.0,
346,1500000US420034120022,420034120022,0,0.0,
347,1500000US420034131001,420034131001,0,0.0,
348,1500000US420034131002,420034131002,0,0.0,
349,1500000US420034131003,420034131003,0,0.0,
350,1500000US420034131004,420034131004,0,0.0,
351,1500000US420034132011,420034132011,0,0.0,
352,1500000US420034132012,420034132012,0,0.0,
353,1500000US420034132013,420034132013,0,0.0,
354,1500000US420034132021,420034132021,0,0.0,
355,1500000US420034132022,420034132022,0,0.0,
356,1500000US420034133001,420034133001,0,0.0,
357,1500000US420034133002,420034133002,0,0.0,
358,1500000US420034133003,420034133003,0,0.0,
359,1500000US420034134001,420034134001,0,0.0,
360,1500000US420034134002,420034134002,0,0.0,
361,1500000US420034134003,420034134003,0,0.0,
362,1500000US420034135001,420034135001,0,0.0,
363,1500000US420034135002,420034135002,0,0.0,
364,1500000US420034135003,420034135003,0,0.0,
365,1500000US420034135004,420034135004,0,0.0,
366,1500000US420034141011,420034141011,0,0.0,
367,1500000US420034141012,420034141012,0,0.0,
368,1500000US420034141013,420034141013,0,0.0,
369,1500000US420034141014,420034141014,0,0.0,
370,1500000US420034141021,420034141021,0,0.0,
371,1500000US420034141022,420034141022,0,0.0,
372,1500000US420034141023,420034141023,0,0.0,
373,1500000US420034142001,420034142001,0,0.0,
374,1500000US420034142002,420034142002,0,0.0,
375,1500000US420034142003,420034142003,0,0.0,
376,1500000US420034150011,420034150011,0,0.0,
377,1500000US420034150012,420034150012,0,0.0,
378,1500000US420034150013,420034150013,0,0.0,
379,1500000US420034150021,420034150021,0,0.0,
380,1500000US420034150022,420034150022,0,0.0,
381,1500000US420034160001,420034160001,0,0.0,
382,1500000US420034160002,420034160002,0,0.0,
383,1500000US420034171001,420034171001,0,0.0,
384,1500000US420034171002,420034171002,0,0.0,
385,1500000US420034171003,420034171003,0,0.0,
386,1500000US420034172001,420034172001,0,0.0,
387,1500000US420034180001,420034180001,0,0.0,
388,1500000US420034190001,420034190001,0,0.0,
389,1500000US420034190002,420034190002,0,0.0,
390,1500000US420034190003,420034190003,0,0.0,
391,1500000US420034200001,420034200001,0,0.0,
392,1500000US420034211001,420034211001,0,0.0,
393,1500000US420034211002,420034211002,0,0.0,
394,1500000US420034211003,420034211003,0,0.0,
395,1500000US420034211004,420034211004,0,0.0,
396,1500000US420034212001,420034212001,0,0.0,
397,1500000US420034212002,420034212002,0,0.0,
398,1500000US420034212003,420034212003,0,0.0,
399,1500000US420034212004,420034212004,0,0.0,
400,1500000US420034220001,420034220001,0,0.0,
401,1500000US420034220002,420034220002,0,0.0,
402,1500000US420034220003,420034220003,0,0.0,
403,1500000US420034220004,420034220004,0,0.0,
404,1500000US420034230001,420034230001,0,0.0,
405,1500000US420034230002,420034230002,0,0.0,
406,1500000US420034230003,420034230003,0,0.0,
407,1500000US420034240001,420034240001,0,0.0,
408,1500000US420034240002,420034240002,0,0.0,
409,1500000US420034240003,420034240003,0,0.0,
410,1500000US420034240004,420034240004,0,0.0,
411,1500000US420034250001,420034250001,0,0.0,
412,1500000US420034250002,420034250002,0,0.0,
413,1500000US420034250003,420034250003,0,0.0,
414,1500000US420034250004,420034250004,0,0.0,
415,1500000US420034263001,420034263001,0,0.0,
416,1500000US420034263002,420034263002,0,0.0,
417,1500000US420034263003,420034263003,0,0.0,
418,1500000US420034264001,420034264001,0,0.0,
419,1500000US420034264002,420034264002,0,0.0,
420,1500000US420034264003,420034264003,0,0.0,
421,1500000US420034264004,420034264004,0,0.0,
422,1500000US420034267001,420034267001,0,0.0,
423,1500000US420034267002,420034267002,0,0.0,
424,1500000US420034268001,420034268001,0,0.0,
425,1500000US420034268002,420034268002,0,0.0,
426,1500000US420034268003,420034268003,0,0.0,
427,1500000US420034270001,420034270001,0,0.0,
428,1500000US420034270002,420034270002,0,0.0,
429,1500000US420034270003,420034270003,0,0.0,
430,1500000US420034271001,420034271001,0,0.0,
431,1500000US420034271002,420034271002,0,0.0,
432,1500000US420034271003,420034271003,0,0.0,
433,1500000US420034272001,420034272001,0,0.0,
434,1500000US420034272002,420034272002,0,0.0,
435,1500000US420034272003,420034272003,0,0.0,
436,1500000US420034272004,420034272004,0,0.0,
437,1500000US420034281001,420034281001,0,0.0,
438,1500000US420034281002,420034281002,0,0.3,
439,1500000US420034282001,420034282001,0,0.0,
440,1500000US420034282002,420034282002,0,0.0,
441,1500000US420034291001,420034291001,0,0.0,
442,1500000US420034291002,420034291002,0,0.0,
443,1500000US420034292011,420034292011,0,0.0,
444,1500000US420034292012,420034292012,0,0.0,
445,1500000US420034292021,420034292021,0,0.0,
446,1500000US420034292022,420034292022,0,0.0,
447,1500000US420034292023,420034292023,0,0.0,
448,1500000US420034293001,420034293001,0,0.0,
449,1500000US420034293002,420034293002,0,0.0,
450,1500000US420034293003,420034293003,0,0.0,
451,1500000US420034293004,420034293004,0,0.0,
452,1500000US420034294001,420034294001,0,0.0,
453,1500000US420034294002,420034294002,0,0.0,
454,1500000US420034294003,420034294003,0,0.0,
455,1500000US420034294004,420034294004,0,0.0,
456,1500000US420034295001,420034295001,0,0.0,
457,1500000US420034295002,420034295002,0,0.0,
458,1500000US420034295003,420034295003,0,0.0,
459,1500000US420034296001,420034296001,0,0.0,
460,1500000US420034296002,420034296002,0,0.0,
461,1500000US420034297001,420034297001,0,0.0,
462,1500000US420034297002,420034297002,0,0.0,
463,1500000US420034301001,420034301001,0,0.0,
464,1500000US420034301002,420034301002,0,0.0,
465,1500000US420034302001,420034302001,0,0.0,
466,1500000US420034302002,420034302002,0,0.0,
467,1500000US420034302003,420034302003,0,0.0,
468,1500000US420034302004,420034302004,0,0.0,
469,1500000US420034302005,420034302005,0,0.0,
470,1500000US420034311001,420034311001,0,0.0,
471,1500000US420034311002,420034311002,0,0.0,
472,1500000US420034314001,420034314001,0,0.0,
473,1500000US420034315001,420034315001,0,0.0,
474,1500000US420034315002,420034315002,0,0.0,
475,1500000US420034315003,420034315003,0,0.0,
476,1500000US420034315004,420034315004,0,0.0,
477,1500000US420034323001,420034323001,0,0.0,
478,1500000US420034323002,420034323002,0,0.0,
479,1500000US420034324001,420034324001,0,0.0,
480,1500000US420034324002,420034324002,0,0.0,
481,1500000US420034324003,420034324003,0,0.0,
482,1500000US420034340001,420034340001,0,0.0,
483,1500000US420034340002,420034340002,0,0.0,
484,1500000US420034350001,420034350001,0,0.0,
485,1500000US420034350002,420034350002,0,0.0,
486,1500000US420034370001,420034370001,0,0.0,
487,1500000US420034370002,420034370002,0,0.0,
488,1500000US420034390001,420034390001,0,0.0,
489,1500000US420034455001,420034455001,0,0.0,
490,1500000US420034455002,420034455002,0,0.0,
491,1500000US420034455003,420034455003,0,0.0,
492,1500000US420034460001,420034460001,0,0.0,
493,1500000US420034460002,420034460002,0,0.0,
494,1500000US420034470001,420034470001,0,0.0,
495,1500000US420034480001,420034480001,0,0.0,
496,1500000US420034490001,420034490001,0,0.0,
497,1500000US420034507001,420034507001,0,0.0,
498,1500000US420034507002,420034507002,0,0.0,
499,1500000US420034508001,420034508001,0,0.0,
500,1500000US420034508002,420034508002,0,0.0,
501,1500000US420034508003,420034508003,0,0.0,
502,1500000US420034511011,420034511011,0,0.0,
503,1500000US420034511012,420034511012,0,0.0,
504,1500000US420034511021,420034511021,0,0.0,
505,1500000US420034511022,420034511022,0,0.0,
506,1500000US420034511023,420034511023,0,0.0,
507,1500000US420034511041,420034511041,0,0.0,
508,1500000US420034511042,420034511042,0,0.0,
509,1500000US420034511051,420034511051,0,0.0,
510,1500000US420034511052,420034511052,0,0.0,
511,1500000US420034511053,420034511053,0,0.0,
512,1500000US420034513001,420034513001,0,0.0,
513,1500000US420034513002,420034513002,0,0.0,
514,1500000US420034513003,420034513003,0,0.0,
515,1500000US420034513004,420034513004,0,0.0,
516,1500000US420034520001,420034520001,0,0.0,
517,1500000US420034520002,420034520002,0,0.0,
518,1500000US420034520003,420034520003,0,0.0,
519,1500000US420034520004,420034520004,0,0.0,
520,1500000US420034530031,420034530031,0,0.0,
521,1500000US420034530032,420034530032,0,0.0,
522,1500000US420034530041,420034530041,0,0.0,
523,1500000US420034530042,420034530042,0,0.0,
524,1500000US420034530043,420034530043,0,0.0,
525,1500000US420034530044,420034530044,0,0.0,
526,1500000US420034550001,420034550001,0,0.0,
527,1500000US420034560011,420034560011,0,0.0,
528,1500000US420034560012,420034560012,0,0.0,
529,1500000US420034560031,420034560031,0,0.0,
530,1500000US420034560032,420034560032,0,0.0,
531,1500000US420034560033,420034560033,0,0.0,
532,1500000US420034560041,420034560041,0,0.0,
533,1500000US420034560042,420034560042,0,0.0,
534,1500000US420034571001,420034571001,0,0.0,
535,1500000US420034571002,420034571002,0,0.0,
536,1500000US420034572001,420034572001,0,0.0,
537,1500000US420034572002,420034572002,0,0.0,
538,1500000US420034572003,420034572003,0,0.0,
539,1500000US420034572004,420034572004,0,0.0,
540,1500000US420034580001,420034580001,0,0.0,
541,1500000US420034580002,420034580002,0,0.0,
542,1500000US420034580003,420034580003,0,0.0,
543,1500000US420034580004,420034580004,0,0.0,
544,1500000US420034591011,420034591011,0,0.0,
545,1500000US420034591021,420034591021,0,0.0,
546,1500000US420034591022,420034591022,0,0.0,
547,1500000US420034591023,420034591023,0,0.0,
548,1500000US420034592011,420034592011,0,0.0,
549,1500000US420034592012,420034592012,0,0.0,
550,1500000US420034592013,420034592013,0,0.0,
551,1500000US420034592014,420034592014,0,0.0,
552,1500000US420034592021,420034592021,0,0.0,
553,1500000US420034600011,420034600011,0,0.0,
554,1500000US420034600012,420034600012,0,0.0,
555,1500000US420034600021,420034600021,0,0.0,
556,1500000US420034600022,420034600022,0,0.0,
557,1500000US420034600023,420034600023,0,0.0,
558,1500000US420034610001,420034610001,0,0.0,
559,1500000US420034621001,420034621001,0,0.0,
560,1500000US420034621002,420034621002,0,0.0,
561,1500000US420034621003,420034621003,0,0.0,
562,1500000US420034626001,420034626001,0,0.0,
563,1500000US420034626002,420034626002,0,0.0,
564,1500000US420034626003,420034626003,0,0.0,
565,1500000US420034626004,420034626004,0,0.0,
566,1500000US420034639001,420034639001,0,0.0,
567,1500000US420034639002,420034639002,0,0.0,
568,1500000US420034639003,420034639003,0,0.0,
569,1500000US420034643001,420034643001,0,0.0,
570,1500000US420034643002,420034643002,0,0.0,
571,1500000US420034643003,420034643003,0,0.0,
572,1500000US420034643004,420034643004,0,0.0,
573,1500000US420034644001,420034644001,0,0.0,
574,1500000US420034644002,420034644002,0,0.0,
575,1500000US420034644003,420034644003,0,0.3,
576,1500000US420034644004,420034644004,0,0.3,
577,1500000US420034656001,420034656001,0,0.0,
578,1500000US420034656002,420034656002,0,0.0,
579,1500000US420034658001,420034658001,0,0.0,
580,1500000US420034658002,420034658002,0,0.0,
581,1500000US420034658003,420034658003,0,0.0,
582,1500000US420034687001,420034687001,0,0.0,
583,1500000US420034687002,420034687002,0,0.0,
584,1500000US420034688001,420034688001,0,0.0,
585,1500000US420034688002,420034688002,0,0.0,
586,1500000US420034688003,420034688003,0,0.0,
587,1500000US420034689001,420034689001,0,0.0,
588,1500000US420034689002,420034689002,0,0.0,
589,1500000US420034689003,420034689003,0,0.0,
590,1500000US420034690001,420034690001,0,0.0,
591,1500000US420034690002,420034690002,0,0.0,
592,1500000US420034690003,420034690003,0,0.3,
593,1500000US420034703001,420034703001,0,0.0,
594,1500000US420034703002,420034703002,0,0.0,
595,1500000US420034704001,420034704001,0,0.0,
596,1500000US420034704002,420034704002,0,0.0,
597,1500000US420034704003,420034704003,0,0.0,
598,1500000US420034705011,420034705011,0,0.0,
599,1500000US420034705012,420034705012,0,0.0,
600,1500000US420034705021,420034705021,0,0.0,
601,1500000US420034705022,420034705022,0,0.0,
602,1500000US420034706001,420034706001,0,0.0,
603,1500000US420034706002,420034706002,0,0.0,
604,1500000US420034706003,420034706003,0,0.0,
605,1500000US420034710001,420034710001,0,0.0,
606,1500000US420034721001,420034721001,0,0.0,
607,1500000US420034721002,420034721002,0,0.0,
608,1500000US420034722001,420034722001,0,0.0,
609,1500000US420034722002,420034722002,0,0.0,
610,1500000US420034722003,420034722003,0,0.0,
611,1500000US420034723001,420034723001,0,0.0,
612,1500000US420034723002,420034723002,0,0.0,
613,1500000US420034723003,420034723003,0,0.0,
614,1500000US420034724001,420034724001,0,0.0,
615,1500000US420034724002,420034724002,0,0.0,
616,1500000US420034731001,420034731001,0,0.0,
617,1500000US420034731002,420034731002,0,0.0,
618,1500000US420034731003,420034731003,0,0.0,
619,1500000US420034731004,420034731004,0,0.0,
620,1500000US420034731005,420034731005,0,0.0,
621,1500000US420034732001,420034732001,0,0.0,
622,1500000US420034732002,420034732002,0,0.0,
623,1500000US420034732003,420034732003,0,0.0,
624,1500000US420034733001,420034733001,0,0.0,
625,1500000US420034733002,420034733002,0,0.0,
626,1500000US420034733003,420034733003,0,0.0,
627,1500000US420034733004,420034733004,0,0.0,
628,1500000US420034733005,420034733005,0,0.0,
629,1500000US420034734011,420034734011,0,0.0,
630,1500000US420034734012,420034734012,0,0.0,
631,1500000US420034734013,420034734013,0,0.0,
632,1500000US420034734014,420034734014,0,0.0,
633,1500000US420034734021,420034734021,0,0.0,
634,1500000US420034734022,420034734022,0,0.0,
635,1500000US420034734023,420034734023,0,0.0,
636,1500000US420034735001,420034735001,0,0.0,
637,1500000US420034735002,420034735002,0,0.0,
638,1500000US420034735003,420034735003,0,0.0,
639,1500000US420034736011,420034736011,0,0.0,
640,1500000US420034736012,420034736012,0,0.0,
641,1500000US420034736013,420034736013,0,0.0,
642,1500000US420034736021,420034736021,0,0.0,
643,1500000US420034736022,420034736022,0,0.0,
644,1500000US420034736023,420034736023,0,0.0,
645,1500000US420034736024,420034736024,0,0.0,
646,1500000US420034741011,420034741011,0,0.0,
647,1500000US420034741012,420034741012,0,0.0,
648,1500000US420034741021,420034741021,0,0.0,
649,1500000US420034741022,420034741022,0,0.0,
650,1500000US420034742011,420034742011,0,0.0,
651,1500000US420034742021,420034742021,0,0.0,
652,1500000US420034742022,420034742022,0,0.0,
653,1500000US420034742031,420034742031,0,0.0,
654,1500000US420034742032,420034742032,0,0.0,
655,1500000US420034742033,420034742033,0,0.0,
656,1500000US420034751011,420034751011,0,0.0,
657,1500000US420034751012,420034751012,0,0.0,
658,1500000US420034751013,420034751013,0,0.0,
659,1500000US420034751014,420034751014,0,0.0,
660,1500000US420034751021,420034751021,0,0.0,
661,1500000US420034752001,420034752001,0,0.0,
662,1500000US420034752002,420034752002,0,0.0,
663,1500000US420034752003,420034752003,0,0.0,
664,1500000US420034752004,420034752004,0,0.0,
665,1500000US420034753011,420034753011,0,0.0,
666,1500000US420034753012,420034753012,0,0.0,
667,1500000US420034753013,420034753013,0,0.0,
668,1500000US420034753014,420034753014,0,0.0,
669,1500000US420034753031,420034753031,0,0.0,
670,1500000US420034753032,420034753032,0,0.0,
671,1500000US420034753033,420034753033,0,0.0,
672,1500000US420034753041,420034753041,0,0.0,
673,1500000US420034753042,420034753042,0,0.0,
674,1500000US420034753043,420034753043,0,0.0,
675,1500000US420034753044,420034753044,0,0.0,
676,1500000US420034754011,420034754011,0,0.0,
677,1500000US420034754012,420034754012,0,0.0,
678,1500000US420034754013,420034754013,0,0.0,
679,1500000US420034754021,420034754021,0,0.0,
680,1500000US420034754022,420034754022,0,0.0,
681,1500000US420034761001,420034761001,0,0.0,
682,1500000US420034761002,420034761002,0,0.0,
683,1500000US420034761003,420034761003,0,0.0,
684,1500000US420034761004,420034761004,0,0.0,
685,1500000US420034761005,420034761005,0,0.0,
686,1500000US420034762001,420034762001,0,0.0,
687,1500000US420034762002,420034762002,0,0.0,
688,1500000US420034762003,420034762003,0,0.0,
689,1500000US420034771001,420034771001,0,0.0,
690,1500000US420034771002,420034771002,0,0.0,
691,1500000US420034771003,420034771003,0,0.0,
692,1500000US420034772001,420034772001,0,0.0,
693,1500000US420034772002,420034772002,0,0.0,
694,1500000US420034772003,420034772003,0,0.0,
695,1500000US420034772004,420034772004,0,0.0,
696,1500000US420034773001,420034773001,0,0.0,
697,1500000US420034773002,420034773002,0,0.0,
698,1500000US420034773003,420034773003,0,0.0,
699,1500000US420034773004,420034773004,0,0.0,
700,1500000US420034773005,420034773005,0,0.0,
701,1500000US420034781001,420034781001,0,0.0,
702,1500000US420034781002,420034781002,0,0.0,
703,1500000US420034781003,420034781003,0,0.0,
704,1500000US420034781004,420034781004,0,0.0,
705,1500000US420034782001,420034782001,0,0.0,
706,1500000US420034782002,420034782002,0,0.0,
707,1500000US420034782003,420034782003,0,0.0,
708,1500000US420034790001,420034790001,0,0.0,
709,1500000US420034790002,420034790002,0,0.0,
710,1500000US420034801011,420034801011,0,0.0,
711,1500000US420034801012,420034801012,0,0.0,
712,1500000US420034801013,420034801013,0,0.0,
713,1500000US420034801014,420034801014,0,0.0,
714,1500000US420034801021,420034801021,0,0.0,
715,1500000US420034801022,420034801022,0,0.0,
716,1500000US420034801023,420034801023,0,0.0,
717,1500000US420034802001,420034802001,0,0.0,
718,1500000US420034802002,420034802002,0,0.0,
719,1500000US420034802003,420034802003,0,0.0,
720,1500000US420034803001,420034803001,0,0.0,
721,1500000US420034803002,420034803002,0,0.0,
722,1500000US420034803003,420034803003,0,0.0,
723,1500000US420034803004,420034803004,0,0.0,
724,1500000US420034804001,420034804001,0,0.0,
725,1500000US420034804002,420034804002,0,0.0,
726,1500000US420034804003,420034804003,0,0.0,
727,1500000US420034804004,420034804004,0,0.0,
728,1500000US420034810001,420034810001,0,0.0,
729,1500000US420034810002,420034810002,0,0.0,
730,1500000US420034810003,420034810003,0,0.0,
731,1500000US420034810004,420034810004,0,0.0,
732,1500000US420034825001,420034825001,0,0.0,
733,1500000US420034838001,420034838001,0,0.0,
734,1500000US420034838002,420034838002,0,0.0,
735,1500000US420034838003,420034838003,0,0.0,
736,1500000US420034843001,420034843001,0,0.0,
737,1500000US420034843002,420034843002,0,0.0,
738,1500000US420034843003,420034843003,0,0.0,
739,1500000US420034845001,420034845001,0,0.0,
740,1500000US420034845002,420034845002,0,0.0,
741,1500000US420034845003,420034845003,0,0.0,
742,1500000US420034845004,420034845004,0,0.0,
743,1500000US420034846001,420034846001,0,0.0,
744,1500000US420034846002,420034846002,0,0.0,
745,1500000US420034846003,420034846003,0,0.0,
746,1500000US420034850001,420034850001,0,0.0,
747,1500000US420034867001,420034867001,0,0.0,
748,1500000US420034867002,420034867002,0,0.0,
749,1500000US420034868001,420034868001,0,0.0,
750,1500000US420034868002,420034868002,0,0.0,
751,1500000US420034869001,420034869001,0,0.0,
752,1500000US420034869002,420034869002,0,0.0,
753,1500000US420034869003,420034869003,0,0.0,
754,1500000US420034870001,420034870001,0,0.0,
755,1500000US420034870002,420034870002,0,0.0,
756,1500000US420034881001,420034881001,0,0.0,
757,1500000US420034881002,420034881002,0,0.0,
758,1500000US420034882001,420034882001,0,0.0,
759,1500000US420034882002,420034882002,0,0.0,
760,1500000US420034882003,420034882003,0,0.0,
761,1500000US420034883001,420034883001,0,0.0,
762,1500000US420034884001,420034884001,0,0.0,
763,1500000US420034884002,420034884002,0,0.0,
764,1500000US420034884003,420034884003,0,0.0,
765,1500000US420034884004,420034884004,0,0.0,
766,1500000US420034885001,420034885001,0,0.0,
767,1500000US420034885002,420034885002,0,0.0,
768,1500000US420034885003,420034885003,0,0.0,
769,1500000US420034886001,420034886001,0,0.0,
770,1500000US420034886002,420034886002,0,0.0,
771,1500000US420034886003,420034886003,0,0.0,
772,1500000US420034886004,420034886004,0,0.0,
773,1500000US420034890011,420034890011,0,0.0,
774,1500000US420034890012,420034890012,0,0.0,
775,1500000US420034890013,420034890013,0,0.0,
776,1500000US420034890021,420034890021,0,0.0,
777,1500000US420034890022,420034890022,0,0.0,
778,1500000US420034890023,420034890023,0,0.0,
779,1500000US420034890024,420034890024,0,0.0,
780,1500000US420034900021,420034900021,0,0.0,
781,1500000US420034900022,420034900022,0,0.0,
782,1500000US420034900023,420034900023,0,0.0,
783,1500000US420034900024,420034900024,0,0.0,
784,1500000US420034900025,420034900025,0,0.0,
785,1500000US420034900031,420034900031,0,0.0,
786,1500000US420034900032,420034900032,0,0.0,
787,1500000US420034900033,420034900033,0,0.0,
788,1500000US420034900041,420034900041,0,0.0,
789,1500000US420034900042,420034900042,0,0.0,
790,1500000US420034900043,420034900043,0,0.0,
791,1500000US420034911011,420034911011,0,0.0,
792,1500000US420034911012,420034911012,0,0.0,
793,1500000US420034912001,420034912001,0,0.0,
794,1500000US420034927001,420034927001,0,0.0,
795,1500000US420034927002,420034927002,0,0.0,
796,1500000US420034927003,420034927003,0,0.0,
797,1500000US420034928001,420034928001,0,0.0,
798,1500000US420034928002,420034928002,0,0.0,
799,1500000US420034929001,420034929001,0,0.0,
800,1500000US420034929002,420034929002,0,0.0,
801,1500000US420034940001,420034940001,0,0.0,
802,1500000US420034950001,420034950001,0,0.0,
803,1500000US420034950002,420034950002,0,0.0,
804,1500000US420034961011,420034961011,0,0.0,
805,1500000US420034961012,420034961012,0,0.0,
806,1500000US420034961021,420034961021,0,0.0,
807,1500000US420034961022,420034961022,0,0.0,
808,1500000US420034961023,420034961023,0,0.0,
809,1500000US420034962001,420034962001,0,0.0,
810,1500000US420034962002,420034962002,0,0.0,
811,1500000US420034962003,420034962003,0,0.0,
812,1500000US420034962004,420034962004,0,0.0,
813,1500000US420034962005,420034962005,0,0.0,
814,1500000US420034970001,420034970001,0,0.0,
815,1500000US420034980001,420034980001,0,0.0,
816,1500000US420034980002,420034980002,0,0.0,
817,1500000US420034993001,420034993001,0,0.0,
818,1500000US420034993002,420034993002,0,0.0,
819,1500000US420034994001,420034994001,0,0.0,
820,1500000US420034994002,420034994002,0,0.0,
821,1500000US420034994003,420034994003,0,0.0,
822,1500000US420035003001,420035003001,0,0.0,
823,1500000US420035003002,420035003002,0,0.0,
824,1500000US420035003003,420035003003,0,0.0,
825,1500000US420035003004,420035003004,0,0.0,
826,1500000US420035010001,420035010001,0,0.0,
827,1500000US420035030021,420035030021,0,0.0,
828,1500000US420035030022,420035030022,0,0.0,
829,1500000US420035030023,420035030023,0,0.0,
830,1500000US420035030024,420035030024,0,0.0,
831,1500000US420035030025,420035030025,0,0.0,
832,1500000US420035041001,420035041001,0,0.0,
833,1500000US420035041002,420035041002,0,0.0,
834,1500000US420035041003,420035041003,0,0.0,
835,1500000US420035041004,420035041004,0,0.0,
836,1500000US420035041005,420035041005,0,0.0,
837,1500000US420035070001,420035070001,0,0.0,
838,1500000US420035070002,420035070002,0,0.0,
839,1500000US420035080001,420035080001,0,0.0,
840,1500000US420035080002,420035080002,0,0.0,
841,1500000US420035094001,420035094001,0,0.0,
842,1500000US420035094002,420035094002,0,0.0,
843,1500000US420035094003,420035094003,0,0.0,
844,1500000US420035094004,420035094004,0,0.0,
845,1500000US420035094005,420035094005,0,0.0,
846,1500000US420035100001,420035100001,0,0.0,
847,1500000US420035100002,420035100002,0,0.0,
848,1500000US420035120001,420035120001,0,0.0,
849,1500000US420035120002,420035120002,0,0.0,
850,1500000US420035128001,420035128001,0,0.0,
851,1500000US420035129001,420035129001,0,0.0,
852,1500000US420035129002,420035129002,0,0.0,
853,1500000US420035138001,420035138001,0,0.0,
854,1500000US420035138002,420035138002,0,0.0,
855,1500000US420035138003,420035138003,0,0.0,
856,1500000US420035140001,420035140001,0,0.0,
857,1500000US420035140002,420035140002,0,0.0,
858,1500000US420035151001,420035151001,0,0.0,
859,1500000US420035151002,420035151002,0,0.0,
860,1500000US420035151003,420035151003,0,0.0,
861,1500000US420035152001,420035152001,0,0.0,
862,1500000US420035152002,420035152002,0,0.0,
863,1500000US420035153001,420035153001,0,0.0,
864,1500000US420035153002,420035153002,0,0.0,
865,1500000US420035154011,420035154011,0,0.0,
866,1500000US420035154012,420035154012,0,0.0,
867,1500000US420035154013,420035154013,0,0.0,
868,1500000US420035161001,420035161001,0,0.0,
869,1500000US420035162001,420035162001,0,0.0,
870,1500000US420035162002,420035162002,0,0.0,
871,1500000US420035170001,420035170001,0,0.0,
872,1500000US420035170002,420035170002,0,0.0,
873,1500000US420035180011,420035180011,0,0.0,
874,1500000US420035180012,420035180012,0,0.0,
875,1500000US420035180013,420035180013,0,0.0,
876,1500000US420035190001,420035190001,0,0.0,
877,1500000US420035190002,420035190002,0,0.0,
878,1500000US420035190003,420035190003,0,0.0,
879,1500000US420035200011,420035200011,0,0.0,
880,1500000US420035200012,420035200012,0,0.0,
881,1500000US420035200021,420035200021,0,0.0,
882,1500000US420035200022,420035200022,0,0.0,
883,1500000US420035200023,420035200023,0,0.0,
884,1500000US420035211001,420035211001,0,0.0,
885,1500000US420035211002,420035211002,0,0.0,
886,1500000US420035211003,420035211003,0,0.0,
887,1500000US420035212001,420035212001,0,0.0,
888,1500000US420035212002,420035212002,0,0.0,
889,1500000US420035212003,420035212003,0,0.0,
890,1500000US420035213011,420035213011,0,0.0,
891,1500000US420035213012,420035213012,0,0.0,
892,1500000US420035213013,420035213013,0,0.0,
893,1500000US420035213014,420035213014,0,0.0,
894,1500000US420035213021,420035213021,0,0.0,
895,1500000US420035213022,420035213022,0,0.0,
896,1500000US420035213023,420035213023,0,0.0,
897,1500000US420035213024,420035213024,0,0.0,
898,1500000US420035214011,420035214011,0,0.0,
899,1500000US420035214012,420035214012,0,0.0,
900,1500000US420035214021,420035214021,0,0.0,
901,1500000US420035214022,420035214022,0,0.0,
902,1500000US420035214023,420035214023,0,0.0,
903,1500000US420035215001,420035215001,0,0.0,
904,1500000US420035215002,420035215002,0,0.0,
905,1500000US420035215003,420035215003,0,0.0,
906,1500000US420035220001,420035220001,0,0.0,
907,1500000US420035220002,420035220002,0,0.0,
908,1500000US420035220003,420035220003,0,0.0,
909,1500000US420035231001,420035231001,0,0.0,
910,1500000US420035231002,420035231002,0,0.0,
911,1500000US420035231003,420035231003,0,0.0,
912,1500000US420035231004,420035231004,0,0.0,
913,1500000US420035232001,420035232001,0,0.0,
914,1500000US420035232002,420035232002,0,0.0,
915,1500000US420035232003,420035232003,0,0.0,
916,1500000US420035232004,420035232004,0,0.0,
917,1500000US420035233001,420035233001,0,0.0,
918,1500000US420035233002,420035233002,0,0.0,
919,1500000US420035233003,420035233003,0,0.0,
920,1500000US420035233004,420035233004,0,0.0,
921,1500000US420035234001,420035234001,0,0.0,
922,1500000US420035234002,420035234002,0,0.0,
923,1500000US420035234003,420035234003,0,0.0,
924,1500000US420035234004,420035234004,0,0.0,
925,1500000US420035234005,420035234005,0,0.0,
926,1500000US420035234006,420035234006,0,0.0,
927,1500000US420035235011,420035235011,0,0.0,
928,1500000US420035235012,420035235012,0,0.0,
929,1500000US420035235013,420035235013,0,0.0,
930,1500000US420035235021,420035235021,0,0.0,
931,1500000US420035236001,420035236001,0,0.0,
932,1500000US420035236002,420035236002,0,0.0,
933,1500000US420035236003,420035236003,0,0.0,
934,1500000US420035237011,420035237011,0,0.0,
935,1500000US420035237012,420035237012,0,0.0,
936,1500000US420035237013,420035237013,0,0.0,
937,1500000US420035237014,420035237014,0,0.0,
938,1500000US420035237021,420035237021,0,0.0,
939,1500000US420035237022,420035237022,0,0.0,
940,1500000US420035237023,420035237023,0,0.0,
941,1500000US420035237024,420035237024,0,0.0,
942,1500000US420035238001,420035238001,0,0.0,
943,1500000US420035238002,420035238002,0,0.0,
944,1500000US420035238003,420035238003,0,0.0,
945,1500000US420035238004,420035238004,0,0.0,
946,1500000US420035240001,420035240001,0,0.0,
947,1500000US420035240002,420035240002,0,0.0,
948,1500000US420035240003,420035240003,0,0.0,
949,1500000US420035251001,420035251001,0,0.0,
950,1500000US420035252001,420035252001,0,0.0,
951,1500000US420035252002,420035252002,0,0.0,
952,1500000US420035253001,420035253001,0,0.0,
953,1500000US420035253002,420035253002,0,0.0,
954,1500000US420035261011,420035261011,0,0.0,
955,1500000US420035261012,420035261012,0,0.0,
956,1500000US420035261013,420035261013,0,0.0,
957,1500000US420035261014,420035261014,0,0.0,
958,1500000US420035261021,420035261021,0,0.0,
959,1500000US420035262011,420035262011,0,0.0,
960,1500000US420035262012,420035262012,0,0.0,
961,1500000US420035262021,420035262021,0,0.0,
962,1500000US420035262022,420035262022,0,0.0,
963,1500000US420035262023,420035262023,0,0.0,
964,1500000US420035263011,420035263011,0,0.0,
965,1500000US420035263012,420035263012,0,0.0,
966,1500000US420035263021,420035263021,0,0.0,
967,1500000US420035263022,420035263022,0,0.0,
968,1500000US420035263023,420035263023,0,0.0,
969,1500000US420035263024,420035263024,0,0.0,
970,1500000US420035509001,420035509001,0,0.0,
971,1500000US420035509002,420035509002,0,0.0,
972,1500000US420035512001,420035512001,0,0.0,
973,1500000US420035512002,420035512002,0,0.0,
974,1500000US420035512003,420035512003,0,0.0,
975,1500000US420035513001,420035513001,0,0.0,
976,1500000US420035513002,420035513002,0,0.0,
977,1500000US420035519001,420035519001,0,0.0,
978,1500000US420035519002,420035519002,0,0.0,
979,1500000US420035520001,420035520001,0,0.0,
980,1500000US420035520002,420035520002,0,0.0,
981,1500000US420035520003,420035520003,0,0.0,
982,1500000US420035520004,420035520004,0,0.0,
983,1500000US420035521001,420035521001,0,0.0,
984,1500000US420035521002,420035521002,0,0.0,
985,1500000US420035522001,420035522001,0,0.0,
986,1500000US420035523001,420035523001,0,0.0,
987,1500000US420035523002,420035523002,0,0.0,
988,1500000US420035523003,420035523003,0,0.0,
989,1500000US420035524001,420035524001,0,0.0,
990,1500000US420035524002,420035524002,0,0.0,
991,1500000US420035524003,420035524003,0,0.0,
992,1500000US420035604001,420035604001,0,0.0,
993,1500000US420035604002,420035604002,0,0.0,
994,1500000US420035605001,420035605001,0,0.0,
995,1500000US420035605002,420035605002,0,0.0,
996,1500000US420035606001,420035606001,0,0.0,
997,1500000US420035606002,420035606002,0,0.0,
998,1500000US420035610001,420035610001,0,0.0,
999,1500000US420035610002,420035610002,0,0.0,
1000,1500000US420035611001,420035611001,0,0.0,
1001,1500000US420035612001,420035612001,0,0.0,
1002,1500000US420035612002,420035612002,0,0.0,
1003,1500000US420035614001,420035614001,0,0.0,
1004,1500000US420035614002,420035614002,0,0.0,
1005,1500000US420035614003,420035614003,0,0.0,
1006,1500000US420035614004,420035614004,0,0.0,
1007,1500000US420035615001,420035615001,0,0.0,
1008,1500000US420035615002,420035615002,0,0.0,
1009,1500000US420035615003,420035615003,0,0.0,
1010,1500000US420035616001,420035616001,0,0.0,
1011,1500000US420035616002,420035616002,0,0.0,
1012,1500000US420035616003,420035616003,0,0.0,
1013,1500000US420035616004,420035616004,0,0.0,
1014,1500000US420035617001,420035617001,0,0.0,
1015,1500000US420035617002,420035617002,0,0.0,
1016,1500000US420035619001,420035619001,0,0.0,
1017,1500000US420035619002,420035619002,0,0.0,
1018,1500000US420035620001,420035620001,0,0.0,
1019,1500000US420035620002,420035620002,0,0.0,
1020,1500000US420035620003,420035620003,0,0.0,
1021,1500000US420035623001,420035623001,0,0.0,
1022,1500000US420035623002,420035623002,0,0.0,
1023,1500000US420035623003,420035623003,0,0.0,
1024,1500000US420035623004,420035623004,0,0.0,
1025,1500000US420035623005,420035623005,0,0.0,
1026,1500000US420035623006,420035623006,0,0.0,
1027,1500000US420035624001,420035624001,0,0.0,
1028,1500000US420035624002,420035624002,0,0.0,
1029,1500000US420035624003,420035624003,0,0.0,
1030,1500000US420035624004,420035624004,0,0.0,
1031,1500000US420035624005,420035624005,0,0.8,
1032,1500000US420035625001,420035625001,0,0.3,
1033,1500000US420035625002,420035625002,0,0.3,
1034,1500000US420035625003,420035625003,0,0.3,
1035,1500000US420035625004,420035625004,0,0.3,
1036,1500000US420035626001,420035626001,0,0.3,
1037,1500000US420035626002,420035626002,0,0.3,
1038,1500000US420035626003,420035626003,0,0.3,
1039,1500000US420035626004,420035626004,0,0.3,
1040,1500000US420035627001,420035627001,0,0.8,
1041,1500000US420035627002,420035627002,0,1.0,
1042,1500000US420035628001,420035628001,0,0.0,
1043,1500000US420035628002,420035628002,0,0.3,
1044,1500000US420035629001,420035629001,0,0.0,
1045,1500000US420035629002,420035629002,0,0.0,
1046,1500000US420035629003,420035629003,0,0.0,
1047,1500000US420035630001,420035630001,0,0.0,
1048,1500000US420035630002,420035630002,0,0.0,
1049,1500000US420035630003,420035630003,0,0.0,
1050,1500000US420035630004,420035630004,0,0.0,
1051,1500000US420035631001,420035631001,0,0.3,
1052,1500000US420035631002,420035631002,0,0.3,
1053,1500000US420035631003,420035631003,0,0.3,
1054,1500000US420035632001,420035632001,0,1.0,
1055,1500000US420035632002,420035632002,0,1.0,
1056,1500000US420035632003,420035632003,0,1.0,
1057,1500000US420035633001,420035633001,0,0.0,
1058,1500000US420035633002,420035633002,0,0.0,
1059,1500000US420035638001,420035638001,0,0.0,
1060,1500000US420035638002,420035638002,0,0.0,
1061,1500000US420035638003,420035638003,0,0.0,
1062,1500000US420035638004,420035638004,0,0.0,
1063,1500000US420035638005,420035638005,0,0.0,
1064,1500000US420035638006,420035638006,0,0.0,
1065,1500000US420035639001,420035639001,0,0.0,
1066,1500000US420035639002,420035639002,0,0.0,
1067,1500000US420035639003,420035639003,0,0.0,
1068,1500000US420035639004,420035639004,0,0.0,
1069,1500000US420035640001,420035640001,0,0.0,
1070,1500000US420035640002,420035640002,0,0.0,
1071,1500000US420035640003,420035640003,0,0.0,
1072,1500000US420035641001,420035641001,0,0.0,
1073,1500000US420035641002,420035641002,0,0.0,
1074,1500000US420035642001,420035642001,0,0.0,
1075,1500000US420035642002,420035642002,0,0.0,
1076,1500000US420035642003,420035642003,0,0.0,
1077,1500000US420035644001,420035644001,0,0.0,
1078,1500000US420035644002,420035644002,0,0.0,
1079,1500000US420035644003,420035644003,0,0.0,
1080,1500000US420035644004,420035644004,0,0.0,
1081,1500000US420035644005,420035644005,0,0.0,
1082,1500000US420035644006,420035644006,0,0.0,
1083,1500000US420035644007,420035644007,0,0.0,
1084,1500000US420035645001,420035645001,0,0.0,
1085,1500000US420035645002,420035645002,0,0.0,
1086,1500000US420035645003,420035645003,0,0.0,
1087,1500000US420039800001,420039800001,0,0.0,
1088,1500000US420039801001,420039801001,0,0.0,
1089,1500000US420039803001,420039803001,0,0.0,
1090,1500000US420039804001,420039804001,0,0.0,
1091,1500000US420039805001,420039805001,0,0.0,
1092,1500000US420039806001,420039806001,0,0.5,
1093,1500000US420039807001,420039807001,0,1.0,
1094,1500000US420039808001,420039808001,0,0.0,
1095,1500000US420039809001,420039809001,0,0.3,
1096,1500000US420039810001,420039810001,0,0.0,
1097,1500000US420039811001,420039811001,0,0.0,
1098,1500000US420039812001,420039812001,0,1.0,
1099,1500000US420039818001,420039818001,0,0.0,
1100,1500000US420039822001,420039822001,0,0.0,
