bg_id,census_geo_id,statefp,countyfp,tractce,blkgrpce,population,num_hhs,hh_no_car,hh_car,bg,pod,GEOID_text,GEOID_num
1,1500000US420030103001,42,3,10300,1,2510,0,0,0,1,7,4.2003E+11,420030103001
2,1500000US420030103002,42,3,10300,2,3412,0,0,0,2,7,4.2003E+11,420030103002
3,1500000US420030103003,42,3,10300,3,347,141,39,102,3,31,4.2003E+11,420030103003
4,1500000US420030103004,42,3,10300,4,399,179,58,121,4,31,4.2003E+11,420030103004
5,1500000US420030201001,42,3,20100,1,1717,347,47,300,5,28,4.2003E+11,420030201001
6,1500000US420030201002,42,3,20100,2,1345,1022,501,521,6,28,4.2003E+11,420030201002
7,1500000US420030201003,42,3,20100,3,532,274,38,236,7,28,4.2003E+11,420030201003
8,1500000US420030201004,42,3,20100,4,873,484,160,324,8,28,4.2003E+11,420030201004
9,1500000US420030201005,42,3,20100,5,14,14,0,14,9,28,4.2003E+11,420030201005
10,1500000US420030201006,42,3,20100,6,620,373,59,314,10,28,4.2003E+11,420030201006
11,1500000US420030203001,42,3,20300,1,1020,712,74,638,11,30,4.2003E+11,420030203001
12,1500000US420030305001,42,3,30500,1,1330,657,270,387,12,30,4.2003E+11,420030305001
13,1500000US420030305002,42,3,30500,2,919,482,200,282,13,30,4.2003E+11,420030305002
14,1500000US420030402001,42,3,40200,1,771,504,208,296,14,30,4.2003E+11,420030402001
15,1500000US420030402002,42,3,40200,2,932,127,46,81,15,30,4.2003E+11,420030402002
16,1500000US420030404001,42,3,40400,1,438,280,172,108,16,30,4.2003E+11,420030404001
17,1500000US420030404002,42,3,40400,2,1540,913,334,579,17,30,4.2003E+11,420030404002
18,1500000US420030405001,42,3,40500,1,1671,473,180,293,18,31,4.2003E+11,420030405001
19,1500000US420030405002,42,3,40500,2,1706,684,256,428,19,31,4.2003E+11,420030405002
20,1500000US420030406001,42,3,40600,1,2121,918,295,623,20,31,4.2003E+11,420030406001
21,1500000US420030409001,42,3,40900,1,1052,454,128,326,21,31,4.2003E+11,420030409001
22,1500000US420030409002,42,3,40900,2,1422,587,182,405,22,31,4.2003E+11,420030409002
23,1500000US420030409003,42,3,40900,3,932,358,38,320,23,31,4.2003E+11,420030409003
24,1500000US420030501001,42,3,50100,1,446,229,90,139,24,30,4.20031E+11,420030501001
25,1500000US420030501002,42,3,50100,2,421,270,146,124,25,30,4.20031E+11,420030501002
26,1500000US420030501003,42,3,50100,3,1119,506,269,237,26,30,4.20031E+11,420030501003
27,1500000US420030506001,42,3,50600,1,1116,418,167,251,27,30,4.20031E+11,420030506001
28,1500000US420030506002,42,3,50600,2,235,146,42,104,28,30,4.20031E+11,420030506002
29,1500000US420030506003,42,3,50600,3,685,292,56,236,29,30,4.20031E+11,420030506003
30,1500000US420030509001,42,3,50900,1,1292,816,650,166,30,30,4.20031E+11,420030509001
31,1500000US420030510001,42,3,51000,1,858,502,247,255,31,30,4.20031E+11,420030510001
32,1500000US420030510002,42,3,51000,2,1285,251,127,124,32,30,4.20031E+11,420030510002
33,1500000US420030511001,42,3,51100,1,170,70,63,7,33,30,4.20031E+11,420030511001
34,1500000US420030603001,42,3,60300,1,1187,594,164,430,34,30,4.20031E+11,420030603001
35,1500000US420030603002,42,3,60300,2,1046,599,137,462,35,30,4.20031E+11,420030603002
36,1500000US420030605001,42,3,60500,1,749,401,98,303,36,30,4.20031E+11,420030605001
37,1500000US420030605002,42,3,60500,2,588,312,47,265,37,30,4.20031E+11,420030605002
38,1500000US420030703001,42,3,70300,1,783,454,32,422,38,30,4.20031E+11,420030703001
39,1500000US420030703002,42,3,70300,2,744,361,97,264,39,30,4.20031E+11,420030703002
40,1500000US420030703003,42,3,70300,3,635,302,17,285,40,30,4.20031E+11,420030703003
41,1500000US420030705001,42,3,70500,1,1351,746,119,627,41,30,4.20031E+11,420030705001
42,1500000US420030705002,42,3,70500,2,910,463,54,409,42,30,4.20031E+11,420030705002
43,1500000US420030705003,42,3,70500,3,858,495,116,379,43,30,4.20031E+11,420030705003
44,1500000US420030706001,42,3,70600,1,851,537,89,448,44,30,4.20031E+11,420030706001
45,1500000US420030706002,42,3,70600,2,1148,725,267,458,45,30,4.20031E+11,420030706002
46,1500000US420030708001,42,3,70800,1,1082,658,116,542,46,30,4.20031E+11,420030708001
47,1500000US420030708002,42,3,70800,2,1296,732,91,641,47,30,4.20031E+11,420030708002
48,1500000US420030709001,42,3,70900,1,1680,1076,305,771,48,30,4.20031E+11,420030709001
49,1500000US420030709002,42,3,70900,2,723,489,253,236,49,30,4.20031E+11,420030709002
50,1500000US420030709003,42,3,70900,3,875,414,207,207,50,30,4.20031E+11,420030709003
51,1500000US420030709004,42,3,70900,4,969,559,192,367,51,30,4.20031E+11,420030709004
52,1500000US420030802001,42,3,80200,1,951,558,221,337,52,30,4.20031E+11,420030802001
53,1500000US420030802002,42,3,80200,2,694,343,92,251,53,30,4.20031E+11,420030802002
54,1500000US420030804001,42,3,80400,1,773,367,64,303,54,30,4.20031E+11,420030804001
55,1500000US420030804002,42,3,80400,2,803,477,218,259,55,30,4.20031E+11,420030804002
56,1500000US420030806001,42,3,80600,1,1478,731,92,639,56,30,4.20031E+11,420030806001
57,1500000US420030806002,42,3,80600,2,658,386,62,324,57,30,4.20031E+11,420030806002
58,1500000US420030807001,42,3,80700,1,928,522,176,346,58,30,4.20031E+11,420030807001
59,1500000US420030807002,42,3,80700,2,855,578,135,443,59,30,4.20031E+11,420030807002
60,1500000US420030809001,42,3,80900,1,1037,530,120,410,60,30,4.20031E+11,420030809001
61,1500000US420030809002,42,3,80900,2,835,487,89,398,61,30,4.20031E+11,420030809002
62,1500000US420030901001,42,3,90100,1,1365,799,142,657,62,30,4.20031E+11,420030901001
63,1500000US420030901002,42,3,90100,2,465,261,77,184,63,30,4.20031E+11,420030901002
64,1500000US420030902001,42,3,90200,1,963,462,66,396,64,30,4.20031E+11,420030902001
65,1500000US420030902002,42,3,90200,2,1013,555,66,489,65,30,4.20031E+11,420030902002
66,1500000US420030902003,42,3,90200,3,854,404,232,172,66,30,4.20031E+11,420030902003
67,1500000US420030903001,42,3,90300,1,1164,605,172,433,67,30,4.20031E+11,420030903001
68,1500000US420030903002,42,3,90300,2,640,303,58,245,68,30,4.20031E+11,420030903002
69,1500000US420031005001,42,3,100500,1,640,349,65,284,69,30,4.20031E+11,420031005001
70,1500000US420031005002,42,3,100500,2,1231,544,136,408,70,30,4.20031E+11,420031005002
71,1500000US420031011001,42,3,101100,1,1516,748,98,650,71,30,4.20031E+11,420031011001
72,1500000US420031011002,42,3,101100,2,498,250,10,240,72,30,4.20031E+11,420031011002
73,1500000US420031011003,42,3,101100,3,691,245,29,216,73,30,4.20031E+11,420031011003
74,1500000US420031014001,42,3,101400,1,1182,588,122,466,74,30,4.20031E+11,420031014001
75,1500000US420031014002,42,3,101400,2,601,352,39,313,75,30,4.20031E+11,420031014002
76,1500000US420031014003,42,3,101400,3,571,272,104,168,76,30,4.20031E+11,420031014003
77,1500000US420031014004,42,3,101400,4,785,345,30,315,77,30,4.20031E+11,420031014004
78,1500000US420031016001,42,3,101600,1,1159,407,100,307,78,30,4.20031E+11,420031016001
79,1500000US420031017001,42,3,101700,1,654,325,105,220,79,30,4.20031E+11,420031017001
80,1500000US420031017002,42,3,101700,2,832,347,41,306,80,30,4.20031E+11,420031017002
81,1500000US420031018001,42,3,101800,1,1202,537,68,469,81,30,4.20031E+11,420031018001
82,1500000US420031018002,42,3,101800,2,1277,642,41,601,82,30,4.20031E+11,420031018002
83,1500000US420031102001,42,3,110200,1,912,569,18,551,83,30,4.20031E+11,420031102001
84,1500000US420031102002,42,3,110200,2,735,359,42,317,84,30,4.20031E+11,420031102002
85,1500000US420031102003,42,3,110200,3,949,476,79,397,85,30,4.20031E+11,420031102003
86,1500000US420031102004,42,3,110200,4,1470,586,54,532,86,30,4.20031E+11,420031102004
87,1500000US420031106001,42,3,110600,1,923,430,99,331,87,30,4.20031E+11,420031106001
88,1500000US420031106002,42,3,110600,2,748,329,0,329,88,30,4.20031E+11,420031106002
89,1500000US420031106003,42,3,110600,3,789,376,110,266,89,30,4.20031E+11,420031106003
90,1500000US420031113001,42,3,111300,1,896,413,157,256,90,30,4.20031E+11,420031113001
91,1500000US420031113002,42,3,111300,2,722,303,53,250,91,30,4.20031E+11,420031113002
92,1500000US420031113003,42,3,111300,3,721,370,71,299,92,30,4.20031E+11,420031113003
93,1500000US420031113004,42,3,111300,4,713,368,124,244,93,30,4.20031E+11,420031113004
94,1500000US420031114001,42,3,111400,1,569,219,85,134,94,30,4.20031E+11,420031114001
95,1500000US420031114002,42,3,111400,2,813,378,133,245,95,30,4.20031E+11,420031114002
96,1500000US420031115001,42,3,111500,1,641,380,215,165,96,30,4.20031E+11,420031115001
97,1500000US420031115002,42,3,111500,2,1404,852,351,501,97,30,4.20031E+11,420031115002
98,1500000US420031115003,42,3,111500,3,574,376,187,189,98,30,4.20031E+11,420031115003
99,1500000US420031115004,42,3,111500,4,388,215,114,101,99,30,4.20031E+11,420031115004
100,1500000US420031203001,42,3,120300,1,1490,507,203,304,100,30,4.20031E+11,420031203001
101,1500000US420031203002,42,3,120300,2,649,273,147,126,101,30,4.20031E+11,420031203002
102,1500000US420031204001,42,3,120400,1,373,149,87,62,102,30,4.20031E+11,420031204001
103,1500000US420031204002,42,3,120400,2,380,176,102,74,103,30,4.20031E+11,420031204002
104,1500000US420031207001,42,3,120700,1,423,267,101,166,104,30,4.20031E+11,420031207001
105,1500000US420031207002,42,3,120700,2,455,105,26,79,105,30,4.20031E+11,420031207002
106,1500000US420031208001,42,3,120800,1,317,135,78,57,106,30,4.20031E+11,420031208001
107,1500000US420031208002,42,3,120800,2,456,117,37,80,107,30,4.20031E+11,420031208002
108,1500000US420031301001,42,3,130100,1,762,345,166,179,108,30,4.20031E+11,420031301001
109,1500000US420031301002,42,3,130100,2,592,183,115,68,109,30,4.20031E+11,420031301002
110,1500000US420031301003,42,3,130100,3,272,204,130,74,110,30,4.20031E+11,420031301003
111,1500000US420031302001,42,3,130200,1,434,125,58,67,111,30,4.20031E+11,420031302001
112,1500000US420031302002,42,3,130200,2,1058,374,132,242,112,30,4.20031E+11,420031302002
113,1500000US420031303001,42,3,130300,1,217,150,81,69,113,30,4.20031E+11,420031303001
114,1500000US420031303002,42,3,130300,2,472,191,100,91,114,30,4.20031E+11,420031303002
115,1500000US420031303003,42,3,130300,3,461,307,188,119,115,30,4.20031E+11,420031303003
116,1500000US420031304001,42,3,130400,1,212,94,36,58,116,30,4.20031E+11,420031304001
117,1500000US420031304002,42,3,130400,2,343,144,70,74,117,30,4.20031E+11,420031304002
118,1500000US420031304003,42,3,130400,3,430,169,80,89,118,47,4.20031E+11,420031304003
119,1500000US420031306001,42,3,130600,1,802,272,123,149,119,47,4.20031E+11,420031306001
120,1500000US420031306002,42,3,130600,2,536,294,129,165,120,47,4.20031E+11,420031306002
121,1500000US420031306003,42,3,130600,3,1423,897,480,417,121,47,4.20031E+11,420031306003
122,1500000US420031401001,42,3,140100,1,982,310,39,271,122,31,4.20031E+11,420031401001
123,1500000US420031401002,42,3,140100,2,2223,493,51,442,123,31,4.20031E+11,420031401002
124,1500000US420031401003,42,3,140100,3,287,0,0,0,124,31,4.20031E+11,420031401003
125,1500000US420031401004,42,3,140100,4,1960,106,17,89,125,30,4.20031E+11,420031401004
126,1500000US420031402001,42,3,140200,1,1013,330,18,312,126,30,4.20031E+11,420031402001
127,1500000US420031402002,42,3,140200,2,1469,695,149,546,127,30,4.20031E+11,420031402002
128,1500000US420031403001,42,3,140300,1,811,345,23,322,128,31,4.20031E+11,420031403001
129,1500000US420031403002,42,3,140300,2,1047,477,114,363,129,31,4.20031E+11,420031403002
130,1500000US420031403003,42,3,140300,3,964,359,42,317,130,31,4.20031E+11,420031403003
131,1500000US420031403004,42,3,140300,4,749,307,11,296,131,31,4.20031E+11,420031403004
132,1500000US420031404001,42,3,140400,1,740,334,25,309,132,30,4.20031E+11,420031404001
133,1500000US420031404002,42,3,140400,2,605,240,19,221,133,31,4.20031E+11,420031404002
134,1500000US420031404003,42,3,140400,3,976,414,6,408,134,31,4.20031E+11,420031404003
135,1500000US420031405001,42,3,140500,1,591,329,108,221,135,30,4.20031E+11,420031405001
136,1500000US420031405002,42,3,140500,2,400,192,0,192,136,30,4.20031E+11,420031405002
137,1500000US420031405003,42,3,140500,3,823,462,18,444,137,30,4.20031E+11,420031405003
138,1500000US420031406001,42,3,140600,1,1321,612,43,569,138,31,4.20031E+11,420031406001
139,1500000US420031406002,42,3,140600,2,970,404,22,382,139,30,4.20031E+11,420031406002
140,1500000US420031406003,42,3,140600,3,867,440,93,347,140,31,4.20031E+11,420031406003
141,1500000US420031408001,42,3,140800,1,1952,744,47,697,141,31,4.20031E+11,420031408001
142,1500000US420031408002,42,3,140800,2,1761,791,203,588,142,31,4.20031E+11,420031408002
143,1500000US420031408003,42,3,140800,3,831,421,174,247,143,31,4.20031E+11,420031408003
144,1500000US420031410001,42,3,141000,1,916,436,22,414,144,31,4.20031E+11,420031410001
145,1500000US420031411001,42,3,141100,1,1309,614,46,568,145,31,4.20031E+11,420031411001
146,1500000US420031413001,42,3,141300,1,1387,641,266,375,146,31,4.20031E+11,420031413001
147,1500000US420031413002,42,3,141300,2,1550,721,120,601,147,31,4.20031E+11,420031413002
148,1500000US420031413003,42,3,141300,3,2295,1016,199,817,148,31,4.20031E+11,420031413003
149,1500000US420031414001,42,3,141400,1,935,392,8,384,149,31,4.20031E+11,420031414001
150,1500000US420031414002,42,3,141400,2,531,211,0,211,150,31,4.20031E+11,420031414002
151,1500000US420031414003,42,3,141400,3,1205,379,5,374,151,31,4.20031E+11,420031414003
152,1500000US420031414004,42,3,141400,4,1689,928,235,693,152,31,4.20031E+11,420031414004
153,1500000US420031414005,42,3,141400,5,947,536,139,397,153,31,4.20031E+11,420031414005
154,1500000US420031516001,42,3,151600,1,1254,602,59,543,154,31,4.20032E+11,420031516001
155,1500000US420031516002,42,3,151600,2,787,351,62,289,155,31,4.20032E+11,420031516002
156,1500000US420031516003,42,3,151600,3,574,205,0,205,156,31,4.20032E+11,420031516003
157,1500000US420031517001,42,3,151700,1,1127,528,134,394,157,31,4.20032E+11,420031517001
158,1500000US420031517002,42,3,151700,2,604,291,33,258,158,31,4.20032E+11,420031517002
159,1500000US420031517003,42,3,151700,3,539,273,31,242,159,31,4.20032E+11,420031517003
160,1500000US420031517004,42,3,151700,4,885,346,0,346,160,31,4.20032E+11,420031517004
161,1500000US420031517005,42,3,151700,5,843,426,112,314,161,31,4.20032E+11,420031517005
162,1500000US420031517006,42,3,151700,6,1523,626,62,564,162,31,4.20032E+11,420031517006
163,1500000US420031608001,42,3,160800,1,377,199,51,148,163,7,4.20032E+11,420031608001
164,1500000US420031608002,42,3,160800,2,838,399,16,383,164,7,4.20032E+11,420031608002
165,1500000US420031608003,42,3,160800,3,540,275,53,222,165,7,4.20032E+11,420031608003
166,1500000US420031608004,42,3,160800,4,944,464,172,292,166,7,4.20032E+11,420031608004
167,1500000US420031609001,42,3,160900,1,1119,597,143,454,167,31,4.20032E+11,420031609001
168,1500000US420031609002,42,3,160900,2,1948,1208,229,979,168,31,4.20032E+11,420031609002
169,1500000US420031702001,42,3,170200,1,506,350,153,197,169,7,4.20032E+11,420031702001
170,1500000US420031702002,42,3,170200,2,801,449,68,381,170,7,4.20032E+11,420031702002
171,1500000US420031702003,42,3,170200,3,1098,552,112,440,171,7,4.20032E+11,420031702003
172,1500000US420031702004,42,3,170200,4,935,510,76,434,172,7,4.20032E+11,420031702004
173,1500000US420031706001,42,3,170600,1,465,238,15,223,173,7,4.20032E+11,420031706001
174,1500000US420031706002,42,3,170600,2,667,335,33,302,174,7,4.20032E+11,420031706002
175,1500000US420031706003,42,3,170600,3,612,253,76,177,175,7,4.20032E+11,420031706003
176,1500000US420031803001,42,3,180300,1,1055,500,246,254,176,7,4.20032E+11,420031803001
177,1500000US420031803002,42,3,180300,2,665,215,108,107,177,7,4.20032E+11,420031803002
178,1500000US420031803003,42,3,180300,3,652,222,21,201,178,7,4.20032E+11,420031803003
179,1500000US420031807001,42,3,180700,1,654,326,5,321,179,7,4.20032E+11,420031807001
180,1500000US420031807002,42,3,180700,2,580,290,28,262,180,7,4.20032E+11,420031807002
181,1500000US420031807003,42,3,180700,3,942,394,139,255,181,7,4.20032E+11,420031807003
182,1500000US420031903001,42,3,190300,1,865,552,20,532,182,7,4.20032E+11,420031903001
183,1500000US420031903002,42,3,190300,2,891,495,16,479,183,7,4.20032E+11,420031903002
184,1500000US420031911001,42,3,191100,1,1097,554,31,523,184,23,4.20032E+11,420031911001
185,1500000US420031911002,42,3,191100,2,1489,746,106,640,185,41,4.20032E+11,420031911002
186,1500000US420031914001,42,3,191400,1,1427,809,242,567,186,7,4.20032E+11,420031914001
187,1500000US420031914002,42,3,191400,2,1188,561,93,468,187,7,4.20032E+11,420031914002
188,1500000US420031915001,42,3,191500,1,593,296,52,244,188,7,4.20032E+11,420031915001
189,1500000US420031915002,42,3,191500,2,1064,591,145,446,189,7,4.20032E+11,420031915002
190,1500000US420031916001,42,3,191600,1,876,417,29,388,190,7,4.20032E+11,420031916001
191,1500000US420031916002,42,3,191600,2,833,347,25,322,191,7,4.20032E+11,420031916002
192,1500000US420031916003,42,3,191600,3,490,253,30,223,192,7,4.20032E+11,420031916003
193,1500000US420031916004,42,3,191600,4,794,362,49,313,193,23,4.20032E+11,420031916004
194,1500000US420031916005,42,3,191600,5,1216,519,92,427,194,23,4.20032E+11,420031916005
195,1500000US420031917001,42,3,191700,1,1955,957,64,893,195,7,4.20032E+11,420031917001
196,1500000US420031917002,42,3,191700,2,619,250,19,231,196,7,4.20032E+11,420031917002
197,1500000US420031917003,42,3,191700,3,956,363,84,279,197,7,4.20032E+11,420031917003
198,1500000US420031918001,42,3,191800,1,886,372,56,316,198,7,4.20032E+11,420031918001
199,1500000US420031918002,42,3,191800,2,516,218,26,192,199,23,4.20032E+11,420031918002
200,1500000US420031918003,42,3,191800,3,586,312,15,297,200,7,4.20032E+11,420031918003
201,1500000US420031918004,42,3,191800,4,636,266,26,240,201,23,4.20032E+11,420031918004
202,1500000US420031918005,42,3,191800,5,776,340,73,267,202,7,4.20032E+11,420031918005
203,1500000US420031918006,42,3,191800,6,1174,465,12,453,203,7,4.20032E+11,420031918006
204,1500000US420031918007,42,3,191800,7,885,395,94,301,204,7,4.20032E+11,420031918007
205,1500000US420031919001,42,3,191900,1,762,341,7,334,205,7,4.20032E+11,420031919001
206,1500000US420031919002,42,3,191900,2,760,387,26,361,206,7,4.20032E+11,420031919002
207,1500000US420031919003,42,3,191900,3,536,274,74,200,207,23,4.20032E+11,420031919003
208,1500000US420031920001,42,3,192000,1,537,250,12,238,208,23,4.20032E+11,420031920001
209,1500000US420031920002,42,3,192000,2,585,262,82,180,209,23,4.20032E+11,420031920002
210,1500000US420031920003,42,3,192000,3,1213,404,62,342,210,23,4.20032E+11,420031920003
211,1500000US420031920004,42,3,192000,4,598,294,88,206,211,23,4.20032E+11,420031920004
212,1500000US420031920005,42,3,192000,5,734,348,70,278,212,23,4.20032E+11,420031920005
213,1500000US420032022001,42,3,202200,1,1611,667,110,557,213,41,4.20032E+11,420032022001
214,1500000US420032022002,42,3,202200,2,834,271,34,237,214,41,4.20032E+11,420032022002
215,1500000US420032022003,42,3,202200,3,643,317,38,279,215,41,4.20032E+11,420032022003
216,1500000US420032023001,42,3,202300,1,992,541,53,488,216,23,4.20032E+11,420032023001
217,1500000US420032023002,42,3,202300,2,771,359,13,346,217,23,4.20032E+11,420032023002
218,1500000US420032023003,42,3,202300,3,884,262,0,262,218,23,4.20032E+11,420032023003
219,1500000US420032023004,42,3,202300,4,1193,702,42,660,219,23,4.20032E+11,420032023004
220,1500000US420032107001,42,3,210700,1,1309,735,262,473,220,28,4.20032E+11,420032107001
221,1500000US420032107002,42,3,210700,2,685,360,108,252,221,28,4.20032E+11,420032107002
222,1500000US420032206001,42,3,220600,1,1269,817,260,557,222,28,4.20032E+11,420032206001
223,1500000US420032206002,42,3,220600,2,388,174,56,118,223,28,4.20032E+11,420032206002
224,1500000US420032406001,42,3,240600,1,1386,811,119,692,224,28,4.20032E+11,420032406001
225,1500000US420032406002,42,3,240600,2,750,431,146,285,225,28,4.20032E+11,420032406002
226,1500000US420032412001,42,3,241200,1,231,104,28,76,226,28,4.20032E+11,420032412001
227,1500000US420032412002,42,3,241200,2,545,279,111,168,227,28,4.20032E+11,420032412002
228,1500000US420032503001,42,3,250300,1,1076,536,163,373,228,28,4.20033E+11,420032503001
229,1500000US420032507001,42,3,250700,1,608,279,146,133,229,28,4.20033E+11,420032507001
230,1500000US420032509001,42,3,250900,1,692,413,248,165,230,28,4.20033E+11,420032509001
231,1500000US420032509002,42,3,250900,2,368,191,44,147,231,28,4.20033E+11,420032509002
232,1500000US420032602001,42,3,260200,1,642,273,41,232,232,28,4.20033E+11,420032602001
233,1500000US420032602002,42,3,260200,2,956,466,80,386,233,28,4.20033E+11,420032602002
234,1500000US420032602003,42,3,260200,3,351,188,4,184,234,28,4.20033E+11,420032602003
235,1500000US420032607001,42,3,260700,1,453,252,46,206,235,28,4.20033E+11,420032607001
236,1500000US420032607002,42,3,260700,2,1109,464,44,420,236,28,4.20033E+11,420032607002
237,1500000US420032609001,42,3,260900,1,1363,550,314,236,237,28,4.20033E+11,420032609001
238,1500000US420032612001,42,3,261200,1,1052,488,26,462,238,28,4.20033E+11,420032612001
239,1500000US420032614001,42,3,261400,1,524,201,0,201,239,28,4.20033E+11,420032614001
240,1500000US420032614002,42,3,261400,2,387,253,81,172,240,28,4.20033E+11,420032614002
241,1500000US420032614003,42,3,261400,3,643,227,102,125,241,28,4.20033E+11,420032614003
242,1500000US420032614004,42,3,261400,4,515,278,32,246,242,28,4.20033E+11,420032614004
243,1500000US420032615001,42,3,261500,1,640,370,122,248,243,28,4.20033E+11,420032615001
244,1500000US420032615002,42,3,261500,2,1021,393,105,288,244,28,4.20033E+11,420032615002
245,1500000US420032620001,42,3,262000,1,1151,613,144,469,245,28,4.20033E+11,420032620001
246,1500000US420032620002,42,3,262000,2,674,296,150,146,246,28,4.20033E+11,420032620002
247,1500000US420032620003,42,3,262000,3,714,361,64,297,247,28,4.20033E+11,420032620003
248,1500000US420032701001,42,3,270100,1,1814,701,15,686,248,28,4.20033E+11,420032701001
249,1500000US420032701002,42,3,270100,2,867,345,43,302,249,28,4.20033E+11,420032701002
250,1500000US420032703001,42,3,270300,1,1476,593,67,526,250,28,4.20033E+11,420032703001
251,1500000US420032703002,42,3,270300,2,562,288,71,217,251,28,4.20033E+11,420032703002
252,1500000US420032704001,42,3,270400,1,1001,446,64,382,252,28,4.20033E+11,420032704001
253,1500000US420032708001,42,3,270800,1,675,300,16,284,253,28,4.20033E+11,420032708001
254,1500000US420032708002,42,3,270800,2,934,416,106,310,254,28,4.20033E+11,420032708002
255,1500000US420032708003,42,3,270800,3,862,432,24,408,255,28,4.20033E+11,420032708003
256,1500000US420032715001,42,3,271500,1,882,235,28,207,256,28,4.20033E+11,420032715001
257,1500000US420032715002,42,3,271500,2,1174,454,131,323,257,28,4.20033E+11,420032715002
258,1500000US420032715003,42,3,271500,3,1010,414,74,340,258,28,4.20033E+11,420032715003
259,1500000US420032814001,42,3,281400,1,830,384,7,377,259,41,4.20033E+11,420032814001
260,1500000US420032814002,42,3,281400,2,1806,696,319,377,260,41,4.20033E+11,420032814002
261,1500000US420032815001,42,3,281500,1,408,187,33,154,261,41,4.20033E+11,420032815001
262,1500000US420032815002,42,3,281500,2,1086,514,41,473,262,41,4.20033E+11,420032815002
263,1500000US420032901001,42,3,290100,1,884,366,43,323,263,7,4.20033E+11,420032901001
264,1500000US420032901002,42,3,290100,2,527,196,33,163,264,7,4.20033E+11,420032901002
265,1500000US420032901003,42,3,290100,3,718,354,58,296,265,7,4.20033E+11,420032901003
266,1500000US420032902001,42,3,290200,1,917,414,46,368,266,7,4.20033E+11,420032902001
267,1500000US420032902002,42,3,290200,2,889,467,163,304,267,7,4.20033E+11,420032902002
268,1500000US420032902003,42,3,290200,3,462,233,36,197,268,7,4.20033E+11,420032902003
269,1500000US420032902004,42,3,290200,4,829,344,147,197,269,7,4.20033E+11,420032902004
270,1500000US420032902005,42,3,290200,5,1295,372,82,290,270,7,4.20033E+11,420032902005
271,1500000US420032904001,42,3,290400,1,676,245,18,227,271,7,4.20033E+11,420032904001
272,1500000US420032904002,42,3,290400,2,1316,450,68,382,272,7,4.20033E+11,420032904002
273,1500000US420032904003,42,3,290400,3,788,397,56,341,273,7,4.20033E+11,420032904003
274,1500000US420032904004,42,3,290400,4,877,445,140,305,274,7,4.20033E+11,420032904004
275,1500000US420032904005,42,3,290400,5,644,300,71,229,275,7,4.20033E+11,420032904005
276,1500000US420033001001,42,3,300100,1,134,60,8,52,276,7,4.20033E+11,420033001001
277,1500000US420033001002,42,3,300100,2,877,222,34,188,277,7,4.20033E+11,420033001002
278,1500000US420033001003,42,3,300100,3,472,253,54,199,278,7,4.20033E+11,420033001003
279,1500000US420033001004,42,3,300100,4,1031,364,127,237,279,7,4.20033E+11,420033001004
280,1500000US420033001005,42,3,300100,5,709,282,79,203,280,7,4.20033E+11,420033001005
281,1500000US420033001006,42,3,300100,6,486,264,47,217,281,7,4.20033E+11,420033001006
282,1500000US420033102001,42,3,310200,1,717,285,9,276,282,40,4.20033E+11,420033102001
283,1500000US420033102002,42,3,310200,2,712,273,21,252,283,40,4.20033E+11,420033102002
284,1500000US420033102003,42,3,310200,3,466,209,10,199,284,40,4.20033E+11,420033102003
285,1500000US420033102004,42,3,310200,4,820,365,32,333,285,40,4.20033E+11,420033102004
286,1500000US420033102005,42,3,310200,5,666,292,56,236,286,40,4.20033E+11,420033102005
287,1500000US420033103001,42,3,310300,1,960,413,23,390,287,40,4.20033E+11,420033103001
288,1500000US420033204001,42,3,320400,1,798,296,29,267,288,7,4.20033E+11,420033204001
289,1500000US420033204002,42,3,320400,2,667,278,18,260,289,7,4.20033E+11,420033204002
290,1500000US420033204003,42,3,320400,3,622,296,21,275,290,7,4.20033E+11,420033204003
291,1500000US420033206001,42,3,320600,1,1170,522,66,456,291,7,4.20033E+11,420033206001
292,1500000US420033206002,42,3,320600,2,970,470,5,465,292,7,4.20033E+11,420033206002
293,1500000US420033207001,42,3,320700,1,1179,520,19,501,293,7,4.20033E+11,420033207001
294,1500000US420033207002,42,3,320700,2,450,206,4,202,294,7,4.20033E+11,420033207002
295,1500000US420034011001,42,3,401100,1,1251,650,39,611,295,18,4.20034E+11,420034011001
296,1500000US420034011002,42,3,401100,2,1743,597,27,570,296,18,4.20034E+11,420034011002
297,1500000US420034011003,42,3,401100,3,841,390,35,355,297,18,4.20034E+11,420034011003
298,1500000US420034011004,42,3,401100,4,873,399,0,399,298,18,4.20034E+11,420034011004
299,1500000US420034012001,42,3,401200,1,390,174,9,165,299,18,4.20034E+11,420034012001
300,1500000US420034012002,42,3,401200,2,992,466,168,298,300,18,4.20034E+11,420034012002
301,1500000US420034012003,42,3,401200,3,647,286,25,261,301,18,4.20034E+11,420034012003
302,1500000US420034012004,42,3,401200,4,872,337,16,321,302,18,4.20034E+11,420034012004
303,1500000US420034013001,42,3,401300,1,1228,525,6,519,303,18,4.20034E+11,420034013001
304,1500000US420034013002,42,3,401300,2,522,256,10,246,304,18,4.20034E+11,420034013002
305,1500000US420034013003,42,3,401300,3,1035,341,0,341,305,18,4.20034E+11,420034013003
306,1500000US420034020001,42,3,402000,1,543,205,6,199,306,18,4.20034E+11,420034020001
307,1500000US420034020002,42,3,402000,2,669,260,0,260,307,18,4.20034E+11,420034020002
308,1500000US420034020003,42,3,402000,3,1386,550,40,510,308,18,4.20034E+11,420034020003
309,1500000US420034020004,42,3,402000,4,605,371,96,275,309,18,4.20034E+11,420034020004
310,1500000US420034035001,42,3,403500,1,802,323,0,323,310,18,4.20034E+11,420034035001
311,1500000US420034035002,42,3,403500,2,714,221,0,221,311,18,4.20034E+11,420034035002
312,1500000US420034035003,42,3,403500,3,1338,707,51,656,312,18,4.20034E+11,420034035003
313,1500000US420034035004,42,3,403500,4,658,480,136,344,313,18,4.20034E+11,420034035004
314,1500000US420034035005,42,3,403500,5,929,412,157,255,314,18,4.20034E+11,420034035005
315,1500000US420034040001,42,3,404000,1,1409,653,70,583,315,18,4.20034E+11,420034040001
316,1500000US420034050001,42,3,405000,1,548,261,12,249,316,18,4.20034E+11,420034050001
317,1500000US420034050002,42,3,405000,2,522,213,7,206,317,18,4.20034E+11,420034050002
318,1500000US420034060001,42,3,406000,1,1532,702,4,698,318,18,4.20034E+11,420034060001
319,1500000US420034060002,42,3,406000,2,749,312,17,295,319,18,4.20034E+11,420034060002
320,1500000US420034070011,42,3,407001,1,844,305,20,285,320,18,4.20034E+11,420034070011
321,1500000US420034070012,42,3,407001,2,1154,590,0,590,321,17,4.20034E+11,420034070012
322,1500000US420034070013,42,3,407001,3,1813,748,14,734,322,17,4.20034E+11,420034070013
323,1500000US420034070014,42,3,407001,4,1645,776,41,735,323,17,4.20034E+11,420034070014
324,1500000US420034070021,42,3,407002,1,1432,749,0,749,324,34,4.20034E+11,420034070021
325,1500000US420034070022,42,3,407002,2,1133,507,19,488,325,17,4.20034E+11,420034070022
326,1500000US420034070023,42,3,407002,3,1167,447,0,447,326,17,4.20034E+11,420034070023
327,1500000US420034070024,42,3,407002,4,2741,1094,40,1054,327,17,4.20034E+11,420034070024
328,1500000US420034080011,42,3,408001,1,1369,544,46,498,328,17,4.20034E+11,420034080011
329,1500000US420034080012,42,3,408001,2,2391,810,52,758,329,17,4.20034E+11,420034080012
330,1500000US420034080013,42,3,408001,3,1707,766,221,545,330,17,4.20034E+11,420034080013
331,1500000US420034080021,42,3,408002,1,4050,1357,18,1339,331,17,4.20034E+11,420034080021
332,1500000US420034080022,42,3,408002,2,1960,869,13,856,332,17,4.20034E+11,420034080022
333,1500000US420034090001,42,3,409000,1,4348,1355,0,1355,333,24,4.20034E+11,420034090001
334,1500000US420034090002,42,3,409000,2,2262,666,0,666,334,24,4.20034E+11,420034090002
335,1500000US420034090003,42,3,409000,3,3627,1246,45,1201,335,24,4.20034E+11,420034090003
336,1500000US420034090004,42,3,409000,4,2644,1192,0,1192,336,24,4.20034E+11,420034090004
337,1500000US420034100001,42,3,410000,1,1201,476,26,450,337,24,4.20034E+11,420034100001
338,1500000US420034110001,42,3,411000,1,2087,773,0,773,338,24,4.20034E+11,420034110001
339,1500000US420034110002,42,3,411000,2,2907,1120,27,1093,339,24,4.20034E+11,420034110002
340,1500000US420034110003,42,3,411000,3,3640,1138,16,1122,340,24,4.20034E+11,420034110003
341,1500000US420034120011,42,3,412001,1,2775,892,0,892,341,24,4.20034E+11,420034120011
342,1500000US420034120012,42,3,412001,2,2089,808,68,740,342,24,4.20034E+11,420034120012
343,1500000US420034120013,42,3,412001,3,1781,807,38,769,343,24,4.20034E+11,420034120013
344,1500000US420034120014,42,3,412001,4,2565,944,34,910,344,24,4.20034E+11,420034120014
345,1500000US420034120021,42,3,412002,1,3019,1077,30,1047,345,24,4.20034E+11,420034120021
346,1500000US420034120022,42,3,412002,2,2219,764,0,764,346,25,4.20034E+11,420034120022
347,1500000US420034131001,42,3,413100,1,980,384,0,384,347,24,4.20034E+11,420034131001
348,1500000US420034131002,42,3,413100,2,2136,968,8,960,348,24,4.20034E+11,420034131002
349,1500000US420034131003,42,3,413100,3,1529,517,62,455,349,24,4.20034E+11,420034131003
350,1500000US420034131004,42,3,413100,4,2050,785,0,785,350,24,4.20034E+11,420034131004
351,1500000US420034132011,42,3,413201,1,878,390,29,361,351,24,4.20034E+11,420034132011
352,1500000US420034132012,42,3,413201,2,1081,435,0,435,352,24,4.20034E+11,420034132012
353,1500000US420034132013,42,3,413201,3,1672,735,9,726,353,24,4.20034E+11,420034132013
354,1500000US420034132021,42,3,413202,1,979,379,0,379,354,24,4.20034E+11,420034132021
355,1500000US420034132022,42,3,413202,2,1763,818,65,753,355,24,4.20034E+11,420034132022
356,1500000US420034133001,42,3,413300,1,1654,699,48,651,356,25,4.20034E+11,420034133001
357,1500000US420034133002,42,3,413300,2,2086,891,47,844,357,25,4.20034E+11,420034133002
358,1500000US420034133003,42,3,413300,3,618,209,9,200,358,25,4.20034E+11,420034133003
359,1500000US420034134001,42,3,413400,1,1564,599,0,599,359,25,4.20034E+11,420034134001
360,1500000US420034134002,42,3,413400,2,1358,581,40,541,360,25,4.20034E+11,420034134002
361,1500000US420034134003,42,3,413400,3,1606,533,20,513,361,25,4.20034E+11,420034134003
362,1500000US420034135001,42,3,413500,1,770,331,14,317,362,24,4.20034E+11,420034135001
363,1500000US420034135002,42,3,413500,2,2029,967,68,899,363,24,4.20034E+11,420034135002
364,1500000US420034135003,42,3,413500,3,1627,677,20,657,364,17,4.20034E+11,420034135003
365,1500000US420034135004,42,3,413500,4,2202,954,221,733,365,24,4.20034E+11,420034135004
366,1500000US420034141011,42,3,414101,1,2219,878,30,848,366,17,4.20034E+11,420034141011
367,1500000US420034141012,42,3,414101,2,1207,452,0,452,367,17,4.20034E+11,420034141012
368,1500000US420034141013,42,3,414101,3,819,283,0,283,368,17,4.20034E+11,420034141013
369,1500000US420034141014,42,3,414101,4,983,359,0,359,369,17,4.20034E+11,420034141014
370,1500000US420034141021,42,3,414102,1,3093,1224,80,1144,370,17,4.20034E+11,420034141021
371,1500000US420034141022,42,3,414102,2,2490,1092,162,930,371,17,4.20034E+11,420034141022
372,1500000US420034141023,42,3,414102,3,1847,764,45,719,372,17,4.20034E+11,420034141023
373,1500000US420034142001,42,3,414200,1,3054,1166,33,1133,373,17,4.20034E+11,420034142001
374,1500000US420034142002,42,3,414200,2,1024,443,0,443,374,17,4.20034E+11,420034142002
375,1500000US420034142003,42,3,414200,3,1629,627,33,594,375,17,4.20034E+11,420034142003
376,1500000US420034150011,42,3,415001,1,1000,355,9,346,376,17,4.20034E+11,420034150011
377,1500000US420034150012,42,3,415001,2,1621,606,16,590,377,17,4.20034E+11,420034150012
378,1500000US420034150013,42,3,415001,3,2058,675,15,660,378,34,4.20034E+11,420034150013
379,1500000US420034150021,42,3,415002,1,1247,515,17,498,379,34,4.20034E+11,420034150021
380,1500000US420034150022,42,3,415002,2,1317,483,0,483,380,17,4.20034E+11,420034150022
381,1500000US420034160001,42,3,416000,1,896,535,24,511,381,34,4.20034E+11,420034160001
382,1500000US420034160002,42,3,416000,2,671,303,25,278,382,34,4.20034E+11,420034160002
383,1500000US420034171001,42,3,417100,1,815,371,11,360,383,34,4.20034E+11,420034171001
384,1500000US420034171002,42,3,417100,2,748,309,12,297,384,34,4.20034E+11,420034171002
385,1500000US420034171003,42,3,417100,3,500,248,10,238,385,34,4.20034E+11,420034171003
386,1500000US420034172001,42,3,417200,1,1290,658,114,544,386,34,4.20034E+11,420034172001
387,1500000US420034180001,42,3,418000,1,1715,809,77,732,387,34,4.20034E+11,420034180001
388,1500000US420034190001,42,3,419000,1,1057,377,35,342,388,34,4.20034E+11,420034190001
389,1500000US420034190002,42,3,419000,2,740,402,82,320,389,34,4.20034E+11,420034190002
390,1500000US420034190003,42,3,419000,3,1246,659,8,651,390,34,4.20034E+11,420034190003
391,1500000US420034200001,42,3,420000,1,1543,831,131,700,391,34,4.20034E+11,420034200001
392,1500000US420034211001,42,3,421100,1,1204,474,0,474,392,34,4.20034E+11,420034211001
393,1500000US420034211002,42,3,421100,2,832,391,47,344,393,34,4.20034E+11,420034211002
394,1500000US420034211003,42,3,421100,3,1745,776,99,677,394,34,4.20034E+11,420034211003
395,1500000US420034211004,42,3,421100,4,818,274,0,274,395,30,4.20034E+11,420034211004
396,1500000US420034212001,42,3,421200,1,1822,750,9,741,396,30,4.20034E+11,420034212001
397,1500000US420034212002,42,3,421200,2,1097,460,41,419,397,30,4.20034E+11,420034212002
398,1500000US420034212003,42,3,421200,3,336,113,0,113,398,30,4.20034E+11,420034212003
399,1500000US420034212004,42,3,421200,4,914,411,19,392,399,17,4.20034E+11,420034212004
400,1500000US420034220001,42,3,422000,1,1423,537,0,537,400,34,4.20034E+11,420034220001
401,1500000US420034220002,42,3,422000,2,810,226,10,216,401,34,4.20034E+11,420034220002
402,1500000US420034220003,42,3,422000,3,793,289,0,289,402,30,4.20034E+11,420034220003
403,1500000US420034220004,42,3,422000,4,2305,769,13,756,403,34,4.20034E+11,420034220004
404,1500000US420034230001,42,3,423000,1,865,428,12,416,404,30,4.20034E+11,420034230001
405,1500000US420034230002,42,3,423000,2,1067,498,36,462,405,30,4.20034E+11,420034230002
406,1500000US420034230003,42,3,423000,3,824,317,17,300,406,30,4.20034E+11,420034230003
407,1500000US420034240001,42,3,424000,1,1060,453,20,433,407,30,4.20034E+11,420034240001
408,1500000US420034240002,42,3,424000,2,770,388,184,204,408,30,4.20034E+11,420034240002
409,1500000US420034240003,42,3,424000,3,551,325,123,202,409,30,4.20034E+11,420034240003
410,1500000US420034240004,42,3,424000,4,993,424,45,379,410,30,4.20034E+11,420034240004
411,1500000US420034250001,42,3,425000,1,775,326,23,303,411,30,4.20034E+11,420034250001
412,1500000US420034250002,42,3,425000,2,999,396,33,363,412,30,4.20034E+11,420034250002
413,1500000US420034250003,42,3,425000,3,952,500,53,447,413,30,4.20034E+11,420034250003
414,1500000US420034250004,42,3,425000,4,662,310,48,262,414,30,4.20034E+11,420034250004
415,1500000US420034263001,42,3,426300,1,1590,657,0,657,415,17,4.20034E+11,420034263001
416,1500000US420034263002,42,3,426300,2,2180,856,16,840,416,25,4.20034E+11,420034263002
417,1500000US420034263003,42,3,426300,3,2315,1030,53,977,417,25,4.20034E+11,420034263003
418,1500000US420034264001,42,3,426400,1,875,373,22,351,418,25,4.20034E+11,420034264001
419,1500000US420034264002,42,3,426400,2,1062,592,0,592,419,25,4.20034E+11,420034264002
420,1500000US420034264003,42,3,426400,3,784,386,0,386,420,30,4.20034E+11,420034264003
421,1500000US420034264004,42,3,426400,4,1390,660,28,632,421,25,4.20034E+11,420034264004
422,1500000US420034267001,42,3,426700,1,687,378,22,356,422,30,4.20034E+11,420034267001
423,1500000US420034267002,42,3,426700,2,1599,773,0,773,423,30,4.20034E+11,420034267002
424,1500000US420034268001,42,3,426800,1,1626,608,14,594,424,17,4.20034E+11,420034268001
425,1500000US420034268002,42,3,426800,2,2707,983,16,967,425,17,4.20034E+11,420034268002
426,1500000US420034268003,42,3,426800,3,1272,577,17,560,426,17,4.20034E+11,420034268003
427,1500000US420034270001,42,3,427000,1,1344,736,157,579,427,28,4.20034E+11,420034270001
428,1500000US420034270002,42,3,427000,2,885,419,104,315,428,30,4.20034E+11,420034270002
429,1500000US420034270003,42,3,427000,3,1407,724,153,571,429,30,4.20034E+11,420034270003
430,1500000US420034271001,42,3,427100,1,1957,757,0,757,430,28,4.20034E+11,420034271001
431,1500000US420034271002,42,3,427100,2,1900,803,0,803,431,25,4.20034E+11,420034271002
432,1500000US420034271003,42,3,427100,3,1607,725,62,663,432,25,4.20034E+11,420034271003
433,1500000US420034272001,42,3,427200,1,1490,610,46,564,433,30,4.20034E+11,420034272001
434,1500000US420034272002,42,3,427200,2,963,510,12,498,434,28,4.20034E+11,420034272002
435,1500000US420034272003,42,3,427200,3,1430,656,47,609,435,28,4.20034E+11,420034272003
436,1500000US420034272004,42,3,427200,4,890,491,48,443,436,30,4.20034E+11,420034272004
437,1500000US420034281001,42,3,428100,1,595,254,28,226,437,28,4.20034E+11,420034281001
438,1500000US420034281002,42,3,428100,2,612,260,19,241,438,28,4.20034E+11,420034281002
439,1500000US420034282001,42,3,428200,1,541,246,6,240,439,28,4.20034E+11,420034282001
440,1500000US420034282002,42,3,428200,2,1524,676,31,645,440,28,4.20034E+11,420034282002
441,1500000US420034291001,42,3,429100,1,1310,541,31,510,441,28,4.20034E+11,420034291001
442,1500000US420034291002,42,3,429100,2,1351,642,59,583,442,28,4.20034E+11,420034291002
443,1500000US420034292011,42,3,429201,1,1936,784,8,776,443,25,4.20034E+11,420034292011
444,1500000US420034292012,42,3,429201,2,2545,1081,133,948,444,25,4.20034E+11,420034292012
445,1500000US420034292021,42,3,429202,1,1374,533,0,533,445,25,4.20034E+11,420034292021
446,1500000US420034292022,42,3,429202,2,1043,564,17,547,446,25,4.20034E+11,420034292022
447,1500000US420034292023,42,3,429202,3,2020,771,25,746,447,25,4.20034E+11,420034292023
448,1500000US420034293001,42,3,429300,1,1755,842,104,738,448,25,4.20034E+11,420034293001
449,1500000US420034293002,42,3,429300,2,1427,682,17,665,449,25,4.20034E+11,420034293002
450,1500000US420034293003,42,3,429300,3,1601,579,0,579,450,25,4.20034E+11,420034293003
451,1500000US420034293004,42,3,429300,4,797,321,16,305,451,25,4.20034E+11,420034293004
452,1500000US420034294001,42,3,429400,1,804,288,0,288,452,25,4.20034E+11,420034294001
453,1500000US420034294002,42,3,429400,2,1635,756,0,756,453,25,4.20034E+11,420034294002
454,1500000US420034294003,42,3,429400,3,1060,471,15,456,454,25,4.20034E+11,420034294003
455,1500000US420034294004,42,3,429400,4,747,317,0,317,455,25,4.20034E+11,420034294004
456,1500000US420034295001,42,3,429500,1,1681,1014,320,694,456,25,4.20034E+11,420034295001
457,1500000US420034295002,42,3,429500,2,1721,1012,13,999,457,25,4.20034E+11,420034295002
458,1500000US420034295003,42,3,429500,3,485,260,0,260,458,25,4.20034E+11,420034295003
459,1500000US420034296001,42,3,429600,1,2090,1007,14,993,459,25,4.20034E+11,420034296001
460,1500000US420034296002,42,3,429600,2,1070,514,26,488,460,28,4.20034E+11,420034296002
461,1500000US420034297001,42,3,429700,1,1465,651,35,616,461,28,4.20034E+11,420034297001
462,1500000US420034297002,42,3,429700,2,811,337,6,331,462,28,4.20034E+11,420034297002
463,1500000US420034301001,42,3,430100,1,743,306,10,296,463,25,4.20034E+11,420034301001
464,1500000US420034301002,42,3,430100,2,1352,620,22,598,464,25,4.20034E+11,420034301002
465,1500000US420034302001,42,3,430200,1,716,324,18,306,465,25,4.20034E+11,420034302001
466,1500000US420034302002,42,3,430200,2,1112,578,54,524,466,25,4.20034E+11,420034302002
467,1500000US420034302003,42,3,430200,3,1069,413,64,349,467,25,4.20034E+11,420034302003
468,1500000US420034302004,42,3,430200,4,633,262,0,262,468,25,4.20034E+11,420034302004
469,1500000US420034302005,42,3,430200,5,1015,493,0,493,469,25,4.20034E+11,420034302005
470,1500000US420034311001,42,3,431100,1,1810,1025,191,834,470,28,4.20034E+11,420034311001
471,1500000US420034311002,42,3,431100,2,1357,775,169,606,471,28,4.20034E+11,420034311002
472,1500000US420034314001,42,3,431400,1,1903,1013,175,838,472,28,4.20034E+11,420034314001
473,1500000US420034315001,42,3,431500,1,622,350,34,316,473,28,4.20034E+11,420034315001
474,1500000US420034315002,42,3,431500,2,992,523,191,332,474,28,4.20034E+11,420034315002
475,1500000US420034315003,42,3,431500,3,898,578,146,432,475,28,4.20034E+11,420034315003
476,1500000US420034315004,42,3,431500,4,614,294,92,202,476,28,4.20034E+11,420034315004
477,1500000US420034323001,42,3,432300,1,1015,499,84,415,477,28,4.20034E+11,420034323001
478,1500000US420034323002,42,3,432300,2,1090,738,236,502,478,28,4.20034E+11,420034323002
479,1500000US420034324001,42,3,432400,1,769,480,70,410,479,28,4.20034E+11,420034324001
480,1500000US420034324002,42,3,432400,2,844,373,42,331,480,25,4.20034E+11,420034324002
481,1500000US420034324003,42,3,432400,3,908,397,19,378,481,25,4.20034E+11,420034324003
482,1500000US420034340001,42,3,434000,1,960,408,28,380,482,25,4.20034E+11,420034340001
483,1500000US420034340002,42,3,434000,2,905,359,14,345,483,25,4.20034E+11,420034340002
484,1500000US420034350001,42,3,435000,1,1279,617,20,597,484,25,4.20034E+11,420034350001
485,1500000US420034350002,42,3,435000,2,1262,628,43,585,485,25,4.20034E+11,420034350002
486,1500000US420034370001,42,3,437000,1,3799,1344,0,1344,486,25,4.20034E+11,420034370001
487,1500000US420034370002,42,3,437000,2,2509,978,15,963,487,25,4.20034E+11,420034370002
488,1500000US420034390001,42,3,439000,1,1434,555,0,555,488,22,4.20034E+11,420034390001
489,1500000US420034455001,42,3,445500,1,1070,419,51,368,489,22,4.20034E+11,420034455001
490,1500000US420034455002,42,3,445500,2,1572,742,90,652,490,22,4.20034E+11,420034455002
491,1500000US420034455003,42,3,445500,3,1196,577,36,541,491,22,4.20034E+11,420034455003
492,1500000US420034460001,42,3,446000,1,771,294,2,292,492,22,4.20034E+11,420034460001
493,1500000US420034460002,42,3,446000,2,825,305,10,295,493,22,4.20034E+11,420034460002
494,1500000US420034470001,42,3,447000,1,1593,588,24,564,494,22,4.20034E+11,420034470001
495,1500000US420034480001,42,3,448000,1,1237,573,86,487,495,22,4.20034E+11,420034480001
496,1500000US420034490001,42,3,449000,1,2593,1019,20,999,496,22,4.20034E+11,420034490001
497,1500000US420034507001,42,3,450700,1,1489,709,55,654,497,22,4.20035E+11,420034507001
498,1500000US420034507002,42,3,450700,2,1431,760,137,623,498,22,4.20035E+11,420034507002
499,1500000US420034508001,42,3,450800,1,1752,722,127,595,499,22,4.20035E+11,420034508001
500,1500000US420034508002,42,3,450800,2,351,181,4,177,500,22,4.20035E+11,420034508002
501,1500000US420034508003,42,3,450800,3,564,283,14,269,501,22,4.20035E+11,420034508003
502,1500000US420034511011,42,3,451101,1,1962,868,34,834,502,22,4.20035E+11,420034511011
503,1500000US420034511012,42,3,451101,2,1727,650,25,625,503,22,4.20035E+11,420034511012
504,1500000US420034511021,42,3,451102,1,1558,789,0,789,504,22,4.20035E+11,420034511021
505,1500000US420034511022,42,3,451102,2,887,438,21,417,505,22,4.20035E+11,420034511022
506,1500000US420034511023,42,3,451102,3,3183,788,39,749,506,22,4.20035E+11,420034511023
507,1500000US420034511041,42,3,451104,1,3291,1086,0,1086,507,22,4.20035E+11,420034511041
508,1500000US420034511042,42,3,451104,2,512,256,63,193,508,22,4.20035E+11,420034511042
509,1500000US420034511051,42,3,451105,1,994,554,79,475,509,22,4.20035E+11,420034511051
510,1500000US420034511052,42,3,451105,2,1057,503,102,401,510,22,4.20035E+11,420034511052
511,1500000US420034511053,42,3,451105,3,2819,1074,17,1057,511,22,4.20035E+11,420034511053
512,1500000US420034513001,42,3,451300,1,4191,1449,51,1398,512,22,4.20035E+11,420034513001
513,1500000US420034513002,42,3,451300,2,1289,430,0,430,513,22,4.20035E+11,420034513002
514,1500000US420034513003,42,3,451300,3,1220,530,0,530,514,22,4.20035E+11,420034513003
515,1500000US420034513004,42,3,451300,4,774,288,13,275,515,22,4.20035E+11,420034513004
516,1500000US420034520001,42,3,452000,1,413,162,13,149,516,22,4.20035E+11,420034520001
517,1500000US420034520002,42,3,452000,2,1854,748,14,734,517,44,4.20035E+11,420034520002
518,1500000US420034520003,42,3,452000,3,2075,778,54,724,518,44,4.20035E+11,420034520003
519,1500000US420034520004,42,3,452000,4,1277,523,14,509,519,44,4.20035E+11,420034520004
520,1500000US420034530031,42,3,453003,1,1347,527,24,503,520,44,4.20035E+11,420034530031
521,1500000US420034530032,42,3,453003,2,537,228,0,228,521,44,4.20035E+11,420034530032
522,1500000US420034530041,42,3,453004,1,1619,656,0,656,522,44,4.20035E+11,420034530041
523,1500000US420034530042,42,3,453004,2,1842,1037,31,1006,523,44,4.20035E+11,420034530042
524,1500000US420034530043,42,3,453004,3,2160,1034,13,1021,524,44,4.20035E+11,420034530043
525,1500000US420034530044,42,3,453004,4,1107,418,0,418,525,44,4.20035E+11,420034530044
526,1500000US420034550001,42,3,455000,1,1548,658,48,610,526,44,4.20035E+11,420034550001
527,1500000US420034560011,42,3,456001,1,816,342,0,342,527,43,4.20035E+11,420034560011
528,1500000US420034560012,42,3,456001,2,2977,1055,0,1055,528,43,4.20035E+11,420034560012
529,1500000US420034560031,42,3,456003,1,920,345,84,261,529,43,4.20035E+11,420034560031
530,1500000US420034560032,42,3,456003,2,3080,1252,63,1189,530,43,4.20035E+11,420034560032
531,1500000US420034560033,42,3,456003,3,3016,987,0,987,531,44,4.20035E+11,420034560033
532,1500000US420034560041,42,3,456004,1,1667,744,66,678,532,43,4.20035E+11,420034560041
533,1500000US420034560042,42,3,456004,2,3027,1354,175,1179,533,43,4.20035E+11,420034560042
534,1500000US420034571001,42,3,457100,1,785,373,18,355,534,43,4.20035E+11,420034571001
535,1500000US420034571002,42,3,457100,2,688,392,120,272,535,43,4.20035E+11,420034571002
536,1500000US420034572001,42,3,457200,1,500,256,0,256,536,23,4.20035E+11,420034572001
537,1500000US420034572002,42,3,457200,2,844,392,29,363,537,43,4.20035E+11,420034572002
538,1500000US420034572003,42,3,457200,3,1413,663,68,595,538,43,4.20035E+11,420034572003
539,1500000US420034572004,42,3,457200,4,836,480,106,374,539,43,4.20035E+11,420034572004
540,1500000US420034580001,42,3,458000,1,448,260,14,246,540,23,4.20035E+11,420034580001
541,1500000US420034580002,42,3,458000,2,3822,1789,70,1719,541,23,4.20035E+11,420034580002
542,1500000US420034580003,42,3,458000,3,2097,905,16,889,542,23,4.20035E+11,420034580003
543,1500000US420034580004,42,3,458000,4,1660,835,43,792,543,23,4.20035E+11,420034580004
544,1500000US420034591011,42,3,459101,1,1793,681,58,623,544,41,4.20035E+11,420034591011
545,1500000US420034591021,42,3,459102,1,2265,810,0,810,545,41,4.20035E+11,420034591021
546,1500000US420034591022,42,3,459102,2,1160,505,0,505,546,41,4.20035E+11,420034591022
547,1500000US420034591023,42,3,459102,3,2457,1042,0,1042,547,41,4.20035E+11,420034591023
548,1500000US420034592011,42,3,459201,1,1694,831,29,802,548,41,4.20035E+11,420034592011
549,1500000US420034592012,42,3,459201,2,1753,886,16,870,549,44,4.20035E+11,420034592012
550,1500000US420034592013,42,3,459201,3,1973,865,17,848,550,41,4.20035E+11,420034592013
551,1500000US420034592014,42,3,459201,4,555,244,67,177,551,41,4.20035E+11,420034592014
552,1500000US420034592021,42,3,459202,1,747,487,14,473,552,41,4.20035E+11,420034592021
553,1500000US420034600011,42,3,460001,1,2998,1361,124,1237,553,41,4.20035E+11,420034600011
554,1500000US420034600012,42,3,460001,2,1568,660,16,644,554,41,4.20035E+11,420034600012
555,1500000US420034600021,42,3,460002,1,1097,445,8,437,555,41,4.20035E+11,420034600021
556,1500000US420034600022,42,3,460002,2,1875,852,122,730,556,41,4.20035E+11,420034600022
557,1500000US420034600023,42,3,460002,3,567,211,0,211,557,41,4.20035E+11,420034600023
558,1500000US420034610001,42,3,461000,1,1035,600,128,472,558,41,4.20035E+11,420034610001
559,1500000US420034621001,42,3,462100,1,421,181,67,114,559,41,4.20035E+11,420034621001
560,1500000US420034621002,42,3,462100,2,609,276,15,261,560,41,4.20035E+11,420034621002
561,1500000US420034621003,42,3,462100,3,1868,718,200,518,561,41,4.20035E+11,420034621003
562,1500000US420034626001,42,3,462600,1,467,228,58,170,562,41,4.20035E+11,420034626001
563,1500000US420034626002,42,3,462600,2,1264,497,164,333,563,41,4.20035E+11,420034626002
564,1500000US420034626003,42,3,462600,3,755,230,51,179,564,41,4.20035E+11,420034626003
565,1500000US420034626004,42,3,462600,4,876,499,173,326,565,41,4.20035E+11,420034626004
566,1500000US420034639001,42,3,463900,1,1337,620,81,539,566,41,4.20035E+11,420034639001
567,1500000US420034639002,42,3,463900,2,541,298,132,166,567,41,4.20035E+11,420034639002
568,1500000US420034639003,42,3,463900,3,811,288,130,158,568,41,4.20035E+11,420034639003
569,1500000US420034643001,42,3,464300,1,1226,543,52,491,569,41,4.20035E+11,420034643001
570,1500000US420034643002,42,3,464300,2,672,327,53,274,570,41,4.20035E+11,420034643002
571,1500000US420034643003,42,3,464300,3,648,370,45,325,571,41,4.20035E+11,420034643003
572,1500000US420034643004,42,3,464300,4,725,288,17,271,572,41,4.20035E+11,420034643004
573,1500000US420034644001,42,3,464400,1,204,124,50,74,573,41,4.20035E+11,420034644001
574,1500000US420034644002,42,3,464400,2,812,311,128,183,574,41,4.20035E+11,420034644002
575,1500000US420034644003,42,3,464400,3,1287,520,311,209,575,41,4.20035E+11,420034644003
576,1500000US420034644004,42,3,464400,4,974,567,191,376,576,41,4.20035E+11,420034644004
577,1500000US420034656001,42,3,465600,1,921,509,102,407,577,41,4.20035E+11,420034656001
578,1500000US420034656002,42,3,465600,2,1669,713,212,501,578,41,4.20035E+11,420034656002
579,1500000US420034658001,42,3,465800,1,1365,635,53,582,579,41,4.20035E+11,420034658001
580,1500000US420034658002,42,3,465800,2,1037,452,51,401,580,41,4.20035E+11,420034658002
581,1500000US420034658003,42,3,465800,3,847,378,18,360,581,41,4.20035E+11,420034658003
582,1500000US420034687001,42,3,468700,1,991,515,116,399,582,23,4.20035E+11,420034687001
583,1500000US420034687002,42,3,468700,2,577,247,0,247,583,23,4.20035E+11,420034687002
584,1500000US420034688001,42,3,468800,1,489,287,103,184,584,23,4.20035E+11,420034688001
585,1500000US420034688002,42,3,468800,2,836,383,49,334,585,23,4.20035E+11,420034688002
586,1500000US420034688003,42,3,468800,3,1286,578,32,546,586,23,4.20035E+11,420034688003
587,1500000US420034689001,42,3,468900,1,1505,665,52,613,587,23,4.20035E+11,420034689001
588,1500000US420034689002,42,3,468900,2,898,479,17,462,588,23,4.20035E+11,420034689002
589,1500000US420034689003,42,3,468900,3,1323,737,228,509,589,23,4.20035E+11,420034689003
590,1500000US420034690001,42,3,469000,1,892,430,9,421,590,23,4.20035E+11,420034690001
591,1500000US420034690002,42,3,469000,2,2340,919,18,901,591,23,4.20035E+11,420034690002
592,1500000US420034690003,42,3,469000,3,1681,788,58,730,592,23,4.20035E+11,420034690003
593,1500000US420034703001,42,3,470300,1,1645,758,40,718,593,23,4.20035E+11,420034703001
594,1500000US420034703002,42,3,470300,2,2326,971,34,937,594,23,4.20035E+11,420034703002
595,1500000US420034704001,42,3,470400,1,868,403,8,395,595,23,4.20035E+11,420034704001
596,1500000US420034704002,42,3,470400,2,806,324,4,320,596,23,4.20035E+11,420034704002
597,1500000US420034704003,42,3,470400,3,1242,641,98,543,597,23,4.20035E+11,420034704003
598,1500000US420034705011,42,3,470501,1,2048,953,95,858,598,23,4.20035E+11,420034705011
599,1500000US420034705012,42,3,470501,2,1640,1024,16,1008,599,23,4.20035E+11,420034705012
600,1500000US420034705021,42,3,470502,1,1524,684,51,633,600,23,4.20035E+11,420034705021
601,1500000US420034705022,42,3,470502,2,1418,571,20,551,601,23,4.20035E+11,420034705022
602,1500000US420034706001,42,3,470600,1,1637,792,24,768,602,23,4.20035E+11,420034706001
603,1500000US420034706002,42,3,470600,2,666,310,11,299,603,23,4.20035E+11,420034706002
604,1500000US420034706003,42,3,470600,3,900,345,77,268,604,23,4.20035E+11,420034706003
605,1500000US420034710001,42,3,471000,1,1285,627,62,565,605,23,4.20035E+11,420034710001
606,1500000US420034721001,42,3,472100,1,1299,716,172,544,606,23,4.20035E+11,420034721001
607,1500000US420034721002,42,3,472100,2,990,498,37,461,607,23,4.20035E+11,420034721002
608,1500000US420034722001,42,3,472200,1,1068,519,87,432,608,23,4.20035E+11,420034722001
609,1500000US420034722002,42,3,472200,2,454,216,32,184,609,23,4.20035E+11,420034722002
610,1500000US420034722003,42,3,472200,3,804,345,0,345,610,23,4.20035E+11,420034722003
611,1500000US420034723001,42,3,472300,1,576,301,46,255,611,23,4.20035E+11,420034723001
612,1500000US420034723002,42,3,472300,2,907,416,60,356,612,23,4.20035E+11,420034723002
613,1500000US420034723003,42,3,472300,3,509,259,31,228,613,23,4.20035E+11,420034723003
614,1500000US420034724001,42,3,472400,1,1047,408,20,388,614,23,4.20035E+11,420034724001
615,1500000US420034724002,42,3,472400,2,784,355,0,355,615,23,4.20035E+11,420034724002
616,1500000US420034731001,42,3,473100,1,1470,541,0,541,616,23,4.20035E+11,420034731001
617,1500000US420034731002,42,3,473100,2,872,296,0,296,617,23,4.20035E+11,420034731002
618,1500000US420034731003,42,3,473100,3,969,444,48,396,618,23,4.20035E+11,420034731003
619,1500000US420034731004,42,3,473100,4,690,262,0,262,619,23,4.20035E+11,420034731004
620,1500000US420034731005,42,3,473100,5,963,589,135,454,620,23,4.20035E+11,420034731005
621,1500000US420034732001,42,3,473200,1,735,380,104,276,621,23,4.20035E+11,420034732001
622,1500000US420034732002,42,3,473200,2,924,478,67,411,622,23,4.20035E+11,420034732002
623,1500000US420034732003,42,3,473200,3,1254,638,24,614,623,23,4.20035E+11,420034732003
624,1500000US420034733001,42,3,473300,1,1048,554,206,348,624,23,4.20035E+11,420034733001
625,1500000US420034733002,42,3,473300,2,1527,592,29,563,625,23,4.20035E+11,420034733002
626,1500000US420034733003,42,3,473300,3,1195,428,14,414,626,23,4.20035E+11,420034733003
627,1500000US420034733004,42,3,473300,4,1100,401,86,315,627,23,4.20035E+11,420034733004
628,1500000US420034733005,42,3,473300,5,485,244,0,244,628,23,4.20035E+11,420034733005
629,1500000US420034734011,42,3,473401,1,611,261,8,253,629,23,4.20035E+11,420034734011
630,1500000US420034734012,42,3,473401,2,647,220,20,200,630,23,4.20035E+11,420034734012
631,1500000US420034734013,42,3,473401,3,1017,494,128,366,631,23,4.20035E+11,420034734013
632,1500000US420034734014,42,3,473401,4,1404,551,66,485,632,23,4.20035E+11,420034734014
633,1500000US420034734021,42,3,473402,1,1139,543,115,428,633,23,4.20035E+11,420034734021
634,1500000US420034734022,42,3,473402,2,477,204,8,196,634,23,4.20035E+11,420034734022
635,1500000US420034734023,42,3,473402,3,1825,731,8,723,635,23,4.20035E+11,420034734023
636,1500000US420034735001,42,3,473500,1,843,296,0,296,636,23,4.20035E+11,420034735001
637,1500000US420034735002,42,3,473500,2,850,283,18,265,637,23,4.20035E+11,420034735002
638,1500000US420034735003,42,3,473500,3,2010,698,10,688,638,23,4.20035E+11,420034735003
639,1500000US420034736011,42,3,473601,1,946,332,11,321,639,23,4.20035E+11,420034736011
640,1500000US420034736012,42,3,473601,2,1394,607,213,394,640,23,4.20035E+11,420034736012
641,1500000US420034736013,42,3,473601,3,1420,631,47,584,641,23,4.20035E+11,420034736013
642,1500000US420034736021,42,3,473602,1,702,252,0,252,642,23,4.20035E+11,420034736021
643,1500000US420034736022,42,3,473602,2,2413,877,28,849,643,23,4.20035E+11,420034736022
644,1500000US420034736023,42,3,473602,3,552,237,0,237,644,23,4.20035E+11,420034736023
645,1500000US420034736024,42,3,473602,4,1058,619,141,478,645,23,4.20035E+11,420034736024
646,1500000US420034741011,42,3,474101,1,2133,832,0,832,646,43,4.20035E+11,420034741011
647,1500000US420034741012,42,3,474101,2,1511,487,10,477,647,43,4.20035E+11,420034741012
648,1500000US420034741021,42,3,474102,1,2257,778,109,669,648,43,4.20035E+11,420034741021
649,1500000US420034741022,42,3,474102,2,1526,605,36,569,649,43,4.20035E+11,420034741022
650,1500000US420034742011,42,3,474201,1,2458,899,13,886,650,43,4.20035E+11,420034742011
651,1500000US420034742021,42,3,474202,1,2200,925,94,831,651,43,4.20035E+11,420034742021
652,1500000US420034742022,42,3,474202,2,2860,958,0,958,652,43,4.20035E+11,420034742022
653,1500000US420034742031,42,3,474203,1,1373,494,0,494,653,43,4.20035E+11,420034742031
654,1500000US420034742032,42,3,474203,2,709,255,0,255,654,43,4.20035E+11,420034742032
655,1500000US420034742033,42,3,474203,3,2565,854,7,847,655,43,4.20035E+11,420034742033
656,1500000US420034751011,42,3,475101,1,1034,406,0,406,656,23,4.20035E+11,420034751011
657,1500000US420034751012,42,3,475101,2,957,345,58,287,657,23,4.20035E+11,420034751012
658,1500000US420034751013,42,3,475101,3,1069,500,65,435,658,43,4.20035E+11,420034751013
659,1500000US420034751014,42,3,475101,4,1682,1019,198,821,659,43,4.20035E+11,420034751014
660,1500000US420034751021,42,3,475102,1,1574,654,28,626,660,43,4.20035E+11,420034751021
661,1500000US420034752001,42,3,475200,1,981,371,9,362,661,43,4.20035E+11,420034752001
662,1500000US420034752002,42,3,475200,2,971,386,21,365,662,43,4.20035E+11,420034752002
663,1500000US420034752003,42,3,475200,3,1137,469,10,459,663,43,4.20035E+11,420034752003
664,1500000US420034752004,42,3,475200,4,1826,707,0,707,664,43,4.20035E+11,420034752004
665,1500000US420034753011,42,3,475301,1,831,497,29,468,665,43,4.20035E+11,420034753011
666,1500000US420034753012,42,3,475301,2,666,257,0,257,666,43,4.20035E+11,420034753012
667,1500000US420034753013,42,3,475301,3,2426,916,93,823,667,43,4.20035E+11,420034753013
668,1500000US420034753014,42,3,475301,4,849,415,26,389,668,43,4.20035E+11,420034753014
669,1500000US420034753031,42,3,475303,1,1809,648,22,626,669,43,4.20035E+11,420034753031
670,1500000US420034753032,42,3,475303,2,1093,453,0,453,670,43,4.20035E+11,420034753032
671,1500000US420034753033,42,3,475303,3,1039,468,17,451,671,43,4.20035E+11,420034753033
672,1500000US420034753041,42,3,475304,1,1081,478,0,478,672,43,4.20035E+11,420034753041
673,1500000US420034753042,42,3,475304,2,1958,630,10,620,673,43,4.20035E+11,420034753042
674,1500000US420034753043,42,3,475304,3,937,470,0,470,674,43,4.20035E+11,420034753043
675,1500000US420034753044,42,3,475304,4,1457,654,15,639,675,43,4.20035E+11,420034753044
676,1500000US420034754011,42,3,475401,1,1416,624,96,528,676,7,4.20035E+11,420034754011
677,1500000US420034754012,42,3,475401,2,1659,648,8,640,677,43,4.20035E+11,420034754012
678,1500000US420034754013,42,3,475401,3,821,335,9,326,678,43,4.20035E+11,420034754013
679,1500000US420034754021,42,3,475402,1,1132,518,11,507,679,43,4.20035E+11,420034754021
680,1500000US420034754022,42,3,475402,2,1780,694,10,684,680,43,4.20035E+11,420034754022
681,1500000US420034761001,42,3,476100,1,481,195,0,195,681,7,4.20035E+11,420034761001
682,1500000US420034761002,42,3,476100,2,595,358,48,310,682,23,4.20035E+11,420034761002
683,1500000US420034761003,42,3,476100,3,930,478,57,421,683,23,4.20035E+11,420034761003
684,1500000US420034761004,42,3,476100,4,1577,833,26,807,684,23,4.20035E+11,420034761004
685,1500000US420034761005,42,3,476100,5,1358,568,39,529,685,23,4.20035E+11,420034761005
686,1500000US420034762001,42,3,476200,1,808,329,26,303,686,7,4.20035E+11,420034762001
687,1500000US420034762002,42,3,476200,2,1376,659,0,659,687,7,4.20035E+11,420034762002
688,1500000US420034762003,42,3,476200,3,1104,489,25,464,688,23,4.20035E+11,420034762003
689,1500000US420034771001,42,3,477100,1,1199,694,39,655,689,7,4.20035E+11,420034771001
690,1500000US420034771002,42,3,477100,2,779,284,25,259,690,7,4.20035E+11,420034771002
691,1500000US420034771003,42,3,477100,3,1337,496,25,471,691,7,4.20035E+11,420034771003
692,1500000US420034772001,42,3,477200,1,1009,387,0,387,692,7,4.20035E+11,420034772001
693,1500000US420034772002,42,3,477200,2,623,275,23,252,693,7,4.20035E+11,420034772002
694,1500000US420034772003,42,3,477200,3,577,266,9,257,694,7,4.20035E+11,420034772003
695,1500000US420034772004,42,3,477200,4,1829,834,133,701,695,7,4.20035E+11,420034772004
696,1500000US420034773001,42,3,477300,1,1147,552,60,492,696,7,4.20035E+11,420034773001
697,1500000US420034773002,42,3,477300,2,1883,598,167,431,697,7,4.20035E+11,420034773002
698,1500000US420034773003,42,3,477300,3,1104,451,12,439,698,7,4.20035E+11,420034773003
699,1500000US420034773004,42,3,477300,4,951,356,14,342,699,7,4.20035E+11,420034773004
700,1500000US420034773005,42,3,477300,5,1321,541,12,529,700,7,4.20035E+11,420034773005
701,1500000US420034781001,42,3,478100,1,963,447,93,354,701,7,4.20035E+11,420034781001
702,1500000US420034781002,42,3,478100,2,987,419,35,384,702,7,4.20035E+11,420034781002
703,1500000US420034781003,42,3,478100,3,1213,517,40,477,703,7,4.20035E+11,420034781003
704,1500000US420034781004,42,3,478100,4,816,453,42,411,704,7,4.20035E+11,420034781004
705,1500000US420034782001,42,3,478200,1,1196,520,50,470,705,7,4.20035E+11,420034782001
706,1500000US420034782002,42,3,478200,2,2367,906,57,849,706,7,4.20035E+11,420034782002
707,1500000US420034782003,42,3,478200,3,1911,733,146,587,707,7,4.20035E+11,420034782003
708,1500000US420034790001,42,3,479000,1,911,369,13,356,708,7,4.20035E+11,420034790001
709,1500000US420034790002,42,3,479000,2,1147,483,10,473,709,23,4.20035E+11,420034790002
710,1500000US420034801011,42,3,480101,1,621,256,4,252,710,7,4.20035E+11,420034801011
711,1500000US420034801012,42,3,480101,2,1064,380,26,354,711,42,4.20035E+11,420034801012
712,1500000US420034801013,42,3,480101,3,1158,446,78,368,712,42,4.20035E+11,420034801013
713,1500000US420034801014,42,3,480101,4,2508,1070,160,910,713,42,4.20035E+11,420034801014
714,1500000US420034801021,42,3,480102,1,1258,476,24,452,714,7,4.20035E+11,420034801021
715,1500000US420034801022,42,3,480102,2,1057,442,23,419,715,7,4.20035E+11,420034801022
716,1500000US420034801023,42,3,480102,3,735,315,16,299,716,7,4.20035E+11,420034801023
717,1500000US420034802001,42,3,480200,1,1838,719,46,673,717,7,4.20035E+11,420034802001
718,1500000US420034802002,42,3,480200,2,521,226,0,226,718,7,4.20035E+11,420034802002
719,1500000US420034802003,42,3,480200,3,971,315,9,306,719,42,4.20035E+11,420034802003
720,1500000US420034803001,42,3,480300,1,663,288,0,288,720,7,4.20035E+11,420034803001
721,1500000US420034803002,42,3,480300,2,1724,615,0,615,721,7,4.20035E+11,420034803002
722,1500000US420034803003,42,3,480300,3,424,189,8,181,722,7,4.20035E+11,420034803003
723,1500000US420034803004,42,3,480300,4,651,270,19,251,723,7,4.20035E+11,420034803004
724,1500000US420034804001,42,3,480400,1,1219,549,132,417,724,7,4.20035E+11,420034804001
725,1500000US420034804002,42,3,480400,2,849,372,12,360,725,7,4.20035E+11,420034804002
726,1500000US420034804003,42,3,480400,3,1429,650,49,601,726,7,4.20035E+11,420034804003
727,1500000US420034804004,42,3,480400,4,961,433,98,335,727,7,4.20035E+11,420034804004
728,1500000US420034810001,42,3,481000,1,515,245,135,110,728,7,4.20035E+11,420034810001
729,1500000US420034810002,42,3,481000,2,524,238,81,157,729,7,4.20035E+11,420034810002
730,1500000US420034810003,42,3,481000,3,1623,590,274,316,730,7,4.20035E+11,420034810003
731,1500000US420034810004,42,3,481000,4,678,322,51,271,731,7,4.20035E+11,420034810004
732,1500000US420034825001,42,3,482500,1,1778,833,98,735,732,40,4.20035E+11,420034825001
733,1500000US420034838001,42,3,483800,1,788,235,69,166,733,40,4.20035E+11,420034838001
734,1500000US420034838002,42,3,483800,2,1217,601,322,279,734,40,4.20035E+11,420034838002
735,1500000US420034838003,42,3,483800,3,1148,524,250,274,735,40,4.20035E+11,420034838003
736,1500000US420034843001,42,3,484300,1,1598,792,158,634,736,40,4.20035E+11,420034843001
737,1500000US420034843002,42,3,484300,2,395,205,17,188,737,40,4.20035E+11,420034843002
738,1500000US420034843003,42,3,484300,3,1155,465,186,279,738,40,4.20035E+11,420034843003
739,1500000US420034845001,42,3,484500,1,1863,779,47,732,739,40,4.20035E+11,420034845001
740,1500000US420034845002,42,3,484500,2,1002,465,61,404,740,40,4.20035E+11,420034845002
741,1500000US420034845003,42,3,484500,3,1156,550,50,500,741,40,4.20035E+11,420034845003
742,1500000US420034845004,42,3,484500,4,1861,877,91,786,742,40,4.20035E+11,420034845004
743,1500000US420034846001,42,3,484600,1,558,261,102,159,743,40,4.20035E+11,420034846001
744,1500000US420034846002,42,3,484600,2,929,455,57,398,744,40,4.20035E+11,420034846002
745,1500000US420034846003,42,3,484600,3,712,397,78,319,745,40,4.20035E+11,420034846003
746,1500000US420034850001,42,3,485000,1,1135,524,45,479,746,40,4.20035E+11,420034850001
747,1500000US420034867001,42,3,486700,1,1720,771,427,344,747,40,4.20035E+11,420034867001
748,1500000US420034867002,42,3,486700,2,696,313,171,142,748,20,4.20035E+11,420034867002
749,1500000US420034868001,42,3,486800,1,630,239,81,158,749,20,4.20035E+11,420034868001
750,1500000US420034868002,42,3,486800,2,885,398,39,359,750,20,4.20035E+11,420034868002
751,1500000US420034869001,42,3,486900,1,909,272,37,235,751,20,4.20035E+11,420034869001
752,1500000US420034869002,42,3,486900,2,482,181,64,117,752,20,4.20035E+11,420034869002
753,1500000US420034869003,42,3,486900,3,222,80,48,32,753,20,4.20035E+11,420034869003
754,1500000US420034870001,42,3,487000,1,784,389,46,343,754,40,4.20035E+11,420034870001
755,1500000US420034870002,42,3,487000,2,995,520,111,409,755,40,4.20035E+11,420034870002
756,1500000US420034881001,42,3,488100,1,880,412,30,382,756,40,4.20035E+11,420034881001
757,1500000US420034881002,42,3,488100,2,1251,502,10,492,757,40,4.20035E+11,420034881002
758,1500000US420034882001,42,3,488200,1,1827,686,207,479,758,40,4.20035E+11,420034882001
759,1500000US420034882002,42,3,488200,2,749,248,11,237,759,40,4.20035E+11,420034882002
760,1500000US420034882003,42,3,488200,3,947,375,11,364,760,40,4.20035E+11,420034882003
761,1500000US420034883001,42,3,488300,1,2092,927,17,910,761,40,4.20035E+11,420034883001
762,1500000US420034884001,42,3,488400,1,1231,511,49,462,762,40,4.20035E+11,420034884001
763,1500000US420034884002,42,3,488400,2,740,330,16,314,763,20,4.20035E+11,420034884002
764,1500000US420034884003,42,3,488400,3,586,316,0,316,764,20,4.20035E+11,420034884003
765,1500000US420034884004,42,3,488400,4,1957,887,0,887,765,40,4.20035E+11,420034884004
766,1500000US420034885001,42,3,488500,1,717,360,11,349,766,40,4.20035E+11,420034885001
767,1500000US420034885002,42,3,488500,2,1491,647,68,579,767,40,4.20035E+11,420034885002
768,1500000US420034885003,42,3,488500,3,625,263,17,246,768,42,4.20035E+11,420034885003
769,1500000US420034886001,42,3,488600,1,728,327,45,282,769,40,4.20035E+11,420034886001
770,1500000US420034886002,42,3,488600,2,564,391,71,320,770,42,4.20035E+11,420034886002
771,1500000US420034886003,42,3,488600,3,1060,478,14,464,771,42,4.20035E+11,420034886003
772,1500000US420034886004,42,3,488600,4,2501,995,17,978,772,40,4.20035E+11,420034886004
773,1500000US420034890011,42,3,489001,1,703,318,0,318,773,42,4.20035E+11,420034890011
774,1500000US420034890012,42,3,489001,2,1362,677,142,535,774,42,4.20035E+11,420034890012
775,1500000US420034890013,42,3,489001,3,2412,1105,34,1071,775,42,4.20035E+11,420034890013
776,1500000US420034890021,42,3,489002,1,814,331,19,312,776,42,4.20035E+11,420034890021
777,1500000US420034890022,42,3,489002,2,1199,509,20,489,777,42,4.20035E+11,420034890022
778,1500000US420034890023,42,3,489002,3,1232,492,0,492,778,42,4.20035E+11,420034890023
779,1500000US420034890024,42,3,489002,4,462,213,0,213,779,42,4.20035E+11,420034890024
780,1500000US420034900021,42,3,490002,1,1097,586,54,532,780,43,4.20035E+11,420034900021
781,1500000US420034900022,42,3,490002,2,691,365,7,358,781,43,4.20035E+11,420034900022
782,1500000US420034900023,42,3,490002,3,1816,763,32,731,782,43,4.20035E+11,420034900023
783,1500000US420034900024,42,3,490002,4,451,148,17,131,783,42,4.20035E+11,420034900024
784,1500000US420034900025,42,3,490002,5,613,293,0,293,784,43,4.20035E+11,420034900025
785,1500000US420034900031,42,3,490003,1,877,364,0,364,785,42,4.20035E+11,420034900031
786,1500000US420034900032,42,3,490003,2,1201,446,38,408,786,42,4.20035E+11,420034900032
787,1500000US420034900033,42,3,490003,3,1829,707,21,686,787,42,4.20035E+11,420034900033
788,1500000US420034900041,42,3,490004,1,2070,923,79,844,788,42,4.20035E+11,420034900041
789,1500000US420034900042,42,3,490004,2,1912,627,0,627,789,42,4.20035E+11,420034900042
790,1500000US420034900043,42,3,490004,3,806,327,10,317,790,42,4.20035E+11,420034900043
791,1500000US420034911011,42,3,491101,1,3151,1348,18,1330,791,42,4.20035E+11,420034911011
792,1500000US420034911012,42,3,491101,2,3637,1185,32,1153,792,42,4.20035E+11,420034911012
793,1500000US420034912001,42,3,491200,1,1971,918,69,849,793,42,4.20035E+11,420034912001
794,1500000US420034927001,42,3,492700,1,551,221,34,187,794,42,4.20035E+11,420034927001
795,1500000US420034927002,42,3,492700,2,727,254,11,243,795,42,4.20035E+11,420034927002
796,1500000US420034927003,42,3,492700,3,871,396,78,318,796,42,4.20035E+11,420034927003
797,1500000US420034928001,42,3,492800,1,1129,539,124,415,797,42,4.20035E+11,420034928001
798,1500000US420034928002,42,3,492800,2,1193,586,183,403,798,42,4.20035E+11,420034928002
799,1500000US420034929001,42,3,492900,1,1572,700,99,601,799,42,4.20035E+11,420034929001
800,1500000US420034929002,42,3,492900,2,597,270,63,207,800,42,4.20035E+11,420034929002
801,1500000US420034940001,42,3,494000,1,1477,648,95,553,801,42,4.20035E+11,420034940001
802,1500000US420034950001,42,3,495000,1,1979,849,40,809,802,42,4.20035E+11,420034950001
803,1500000US420034950002,42,3,495000,2,1342,617,20,597,803,42,4.20035E+11,420034950002
804,1500000US420034961011,42,3,496101,1,1450,574,9,565,804,20,4.20035E+11,420034961011
805,1500000US420034961012,42,3,496101,2,1671,684,28,656,805,20,4.20035E+11,420034961012
806,1500000US420034961021,42,3,496102,1,1612,730,16,714,806,42,4.20035E+11,420034961021
807,1500000US420034961022,42,3,496102,2,1424,666,19,647,807,20,4.20035E+11,420034961022
808,1500000US420034961023,42,3,496102,3,1262,485,15,470,808,42,4.20035E+11,420034961023
809,1500000US420034962001,42,3,496200,1,1220,454,58,396,809,20,4.20035E+11,420034962001
810,1500000US420034962002,42,3,496200,2,956,436,14,422,810,20,4.20035E+11,420034962002
811,1500000US420034962003,42,3,496200,3,1929,674,51,623,811,20,4.20035E+11,420034962003
812,1500000US420034962004,42,3,496200,4,527,276,19,257,812,20,4.20035E+11,420034962004
813,1500000US420034962005,42,3,496200,5,1083,586,44,542,813,20,4.20035E+11,420034962005
814,1500000US420034970001,42,3,497000,1,1057,470,13,457,814,20,4.20035E+11,420034970001
815,1500000US420034980001,42,3,498000,1,1150,508,10,498,815,20,4.20035E+11,420034980001
816,1500000US420034980002,42,3,498000,2,1338,635,45,590,816,20,4.20035E+11,420034980002
817,1500000US420034993001,42,3,499300,1,563,242,31,211,817,20,4.20035E+11,420034993001
818,1500000US420034993002,42,3,499300,2,1215,542,10,532,818,20,4.20035E+11,420034993002
819,1500000US420034994001,42,3,499400,1,851,446,34,412,819,42,4.20035E+11,420034994001
820,1500000US420034994002,42,3,499400,2,731,394,77,317,820,20,4.20035E+11,420034994002
821,1500000US420034994003,42,3,499400,3,1031,473,91,382,821,20,4.20035E+11,420034994003
822,1500000US420035003001,42,3,500300,1,1307,567,18,549,822,20,4.20035E+11,420035003001
823,1500000US420035003002,42,3,500300,2,468,307,43,264,823,20,4.20035E+11,420035003002
824,1500000US420035003003,42,3,500300,3,770,315,58,257,824,20,4.20035E+11,420035003003
825,1500000US420035003004,42,3,500300,4,1179,604,137,467,825,20,4.20035E+11,420035003004
826,1500000US420035010001,42,3,501000,1,1631,802,129,673,826,20,4.20035E+11,420035010001
827,1500000US420035030021,42,3,503002,1,838,414,17,397,827,20,4.20035E+11,420035030021
828,1500000US420035030022,42,3,503002,2,1100,465,0,465,828,20,4.20035E+11,420035030022
829,1500000US420035030023,42,3,503002,3,1179,583,11,572,829,20,4.20035E+11,420035030023
830,1500000US420035030024,42,3,503002,4,975,432,31,401,830,20,4.20035E+11,420035030024
831,1500000US420035030025,42,3,503002,5,1811,852,92,760,831,20,4.20035E+11,420035030025
832,1500000US420035041001,42,3,504100,1,759,417,114,303,832,20,4.20035E+11,420035041001
833,1500000US420035041002,42,3,504100,2,420,194,13,181,833,47,4.20035E+11,420035041002
834,1500000US420035041003,42,3,504100,3,1159,522,136,386,834,20,4.20035E+11,420035041003
835,1500000US420035041004,42,3,504100,4,1331,605,150,455,835,20,4.20035E+11,420035041004
836,1500000US420035041005,42,3,504100,5,1242,573,52,521,836,20,4.20035E+11,420035041005
837,1500000US420035070001,42,3,507000,1,903,384,44,340,837,20,4.20035E+11,420035070001
838,1500000US420035070002,42,3,507000,2,1203,603,82,521,838,20,4.20035E+11,420035070002
839,1500000US420035080001,42,3,508000,1,930,391,79,312,839,47,4.20035E+11,420035080001
840,1500000US420035080002,42,3,508000,2,1019,525,218,307,840,20,4.20035E+11,420035080002
841,1500000US420035094001,42,3,509400,1,1540,627,115,512,841,47,4.20035E+11,420035094001
842,1500000US420035094002,42,3,509400,2,1415,702,58,644,842,47,4.20035E+11,420035094002
843,1500000US420035094003,42,3,509400,3,518,294,120,174,843,47,4.20035E+11,420035094003
844,1500000US420035094004,42,3,509400,4,862,379,63,316,844,47,4.20035E+11,420035094004
845,1500000US420035094005,42,3,509400,5,909,443,101,342,845,47,4.20035E+11,420035094005
846,1500000US420035100001,42,3,510000,1,908,419,156,263,846,47,4.20035E+11,420035100001
847,1500000US420035100002,42,3,510000,2,847,396,118,278,847,47,4.20035E+11,420035100002
848,1500000US420035120001,42,3,512000,1,997,325,29,296,848,47,4.20035E+11,420035120001
849,1500000US420035120002,42,3,512000,2,1415,737,86,651,849,47,4.20035E+11,420035120002
850,1500000US420035128001,42,3,512800,1,1317,609,271,338,850,47,4.20035E+11,420035128001
851,1500000US420035129001,42,3,512900,1,602,276,127,149,851,47,4.20035E+11,420035129001
852,1500000US420035129002,42,3,512900,2,427,208,64,144,852,47,4.20035E+11,420035129002
853,1500000US420035138001,42,3,513800,1,778,275,55,220,853,47,4.20035E+11,420035138001
854,1500000US420035138002,42,3,513800,2,859,387,164,223,854,47,4.20035E+11,420035138002
855,1500000US420035138003,42,3,513800,3,92,60,6,54,855,47,4.20035E+11,420035138003
856,1500000US420035140001,42,3,514000,1,681,288,64,224,856,47,4.20035E+11,420035140001
857,1500000US420035140002,42,3,514000,2,1419,611,242,369,857,47,4.20035E+11,420035140002
858,1500000US420035151001,42,3,515100,1,758,370,12,358,858,47,4.20035E+11,420035151001
859,1500000US420035151002,42,3,515100,2,1366,671,272,399,859,31,4.20035E+11,420035151002
860,1500000US420035151003,42,3,515100,3,761,345,103,242,860,31,4.20035E+11,420035151003
861,1500000US420035152001,42,3,515200,1,961,543,18,525,861,47,4.20035E+11,420035152001
862,1500000US420035152002,42,3,515200,2,1209,585,148,437,862,47,4.20035E+11,420035152002
863,1500000US420035153001,42,3,515300,1,681,328,95,233,863,31,4.20035E+11,420035153001
864,1500000US420035153002,42,3,515300,2,875,523,129,394,864,31,4.20035E+11,420035153002
865,1500000US420035154011,42,3,515401,1,739,407,121,286,865,31,4.20035E+11,420035154011
866,1500000US420035154012,42,3,515401,2,802,374,34,340,866,31,4.20035E+11,420035154012
867,1500000US420035154013,42,3,515401,3,656,308,11,297,867,31,4.20035E+11,420035154013
868,1500000US420035161001,42,3,516100,1,1423,713,28,685,868,47,4.20035E+11,420035161001
869,1500000US420035162001,42,3,516200,1,787,391,15,376,869,47,4.20035E+11,420035162001
870,1500000US420035162002,42,3,516200,2,860,462,58,404,870,47,4.20035E+11,420035162002
871,1500000US420035170001,42,3,517000,1,765,314,24,290,871,47,4.20035E+11,420035170001
872,1500000US420035170002,42,3,517000,2,945,628,291,337,872,47,4.20035E+11,420035170002
873,1500000US420035180011,42,3,518001,1,1022,479,0,479,873,47,4.20035E+11,420035180011
874,1500000US420035180012,42,3,518001,2,1160,605,35,570,874,47,4.20035E+11,420035180012
875,1500000US420035180013,42,3,518001,3,892,513,56,457,875,47,4.20035E+11,420035180013
876,1500000US420035190001,42,3,519000,1,906,369,8,361,876,47,4.20035E+11,420035190001
877,1500000US420035190002,42,3,519000,2,1490,605,5,600,877,47,4.20035E+11,420035190002
878,1500000US420035190003,42,3,519000,3,567,286,0,286,878,47,4.20035E+11,420035190003
879,1500000US420035200011,42,3,520001,1,1484,769,63,706,879,47,4.20035E+11,420035200011
880,1500000US420035200012,42,3,520001,2,1743,789,18,771,880,47,4.20035E+11,420035200012
881,1500000US420035200021,42,3,520002,1,1153,486,18,468,881,47,4.20035E+11,420035200021
882,1500000US420035200022,42,3,520002,2,856,579,25,554,882,47,4.20035E+11,420035200022
883,1500000US420035200023,42,3,520002,3,1011,462,6,456,883,47,4.20035E+11,420035200023
884,1500000US420035211001,42,3,521100,1,1131,389,0,389,884,16,4.20035E+11,420035211001
885,1500000US420035211002,42,3,521100,2,1154,461,9,452,885,16,4.20035E+11,420035211002
886,1500000US420035211003,42,3,521100,3,2152,897,0,897,886,16,4.20035E+11,420035211003
887,1500000US420035212001,42,3,521200,1,1971,993,126,867,887,16,4.20035E+11,420035212001
888,1500000US420035212002,42,3,521200,2,711,310,16,294,888,16,4.20035E+11,420035212002
889,1500000US420035212003,42,3,521200,3,1505,617,28,589,889,16,4.20035E+11,420035212003
890,1500000US420035213011,42,3,521301,1,625,511,100,411,890,16,4.20035E+11,420035213011
891,1500000US420035213012,42,3,521301,2,1457,733,234,499,891,16,4.20035E+11,420035213012
892,1500000US420035213013,42,3,521301,3,906,369,89,280,892,16,4.20035E+11,420035213013
893,1500000US420035213014,42,3,521301,4,1035,450,0,450,893,16,4.20035E+11,420035213014
894,1500000US420035213021,42,3,521302,1,1260,680,35,645,894,16,4.20035E+11,420035213021
895,1500000US420035213022,42,3,521302,2,1272,733,98,635,895,16,4.20035E+11,420035213022
896,1500000US420035213023,42,3,521302,3,1510,538,17,521,896,16,4.20035E+11,420035213023
897,1500000US420035213024,42,3,521302,4,532,223,16,207,897,16,4.20035E+11,420035213024
898,1500000US420035214011,42,3,521401,1,1916,870,20,850,898,16,4.20035E+11,420035214011
899,1500000US420035214012,42,3,521401,2,917,400,0,400,899,16,4.20035E+11,420035214012
900,1500000US420035214021,42,3,521402,1,1398,553,36,517,900,16,4.20035E+11,420035214021
901,1500000US420035214022,42,3,521402,2,1248,449,10,439,901,16,4.20035E+11,420035214022
902,1500000US420035214023,42,3,521402,3,1121,502,18,484,902,16,4.20035E+11,420035214023
903,1500000US420035215001,42,3,521500,1,1300,575,8,567,903,16,4.20035E+11,420035215001
904,1500000US420035215002,42,3,521500,2,2188,1000,120,880,904,16,4.20035E+11,420035215002
905,1500000US420035215003,42,3,521500,3,632,280,25,255,905,16,4.20035E+11,420035215003
906,1500000US420035220001,42,3,522000,1,788,322,40,282,906,16,4.20035E+11,420035220001
907,1500000US420035220002,42,3,522000,2,1710,773,185,588,907,16,4.20035E+11,420035220002
908,1500000US420035220003,42,3,522000,3,732,433,48,385,908,16,4.20035E+11,420035220003
909,1500000US420035231001,42,3,523100,1,1357,626,38,588,909,30,4.20035E+11,420035231001
910,1500000US420035231002,42,3,523100,2,1027,454,56,398,910,47,4.20035E+11,420035231002
911,1500000US420035231003,42,3,523100,3,1039,339,10,329,911,47,4.20035E+11,420035231003
912,1500000US420035231004,42,3,523100,4,384,100,27,73,912,30,4.20035E+11,420035231004
913,1500000US420035232001,42,3,523200,1,1577,576,47,529,913,47,4.20035E+11,420035232001
914,1500000US420035232002,42,3,523200,2,1056,441,23,418,914,47,4.20035E+11,420035232002
915,1500000US420035232003,42,3,523200,3,1130,438,50,388,915,47,4.20035E+11,420035232003
916,1500000US420035232004,42,3,523200,4,524,275,96,179,916,47,4.20035E+11,420035232004
917,1500000US420035233001,42,3,523300,1,834,337,36,301,917,34,4.20035E+11,420035233001
918,1500000US420035233002,42,3,523300,2,1324,634,119,515,918,34,4.20035E+11,420035233002
919,1500000US420035233003,42,3,523300,3,478,235,9,226,919,47,4.20035E+11,420035233003
920,1500000US420035233004,42,3,523300,4,1435,505,36,469,920,47,4.20035E+11,420035233004
921,1500000US420035234001,42,3,523400,1,1568,719,67,652,921,47,4.20035E+11,420035234001
922,1500000US420035234002,42,3,523400,2,654,286,19,267,922,47,4.20035E+11,420035234002
923,1500000US420035234003,42,3,523400,3,670,323,0,323,923,47,4.20035E+11,420035234003
924,1500000US420035234004,42,3,523400,4,636,362,0,362,924,47,4.20035E+11,420035234004
925,1500000US420035234005,42,3,523400,5,508,360,120,240,925,47,4.20035E+11,420035234005
926,1500000US420035234006,42,3,523400,6,732,355,49,306,926,47,4.20035E+11,420035234006
927,1500000US420035235011,42,3,523501,1,1788,678,6,672,927,47,4.20035E+11,420035235011
928,1500000US420035235012,42,3,523501,2,1323,616,18,598,928,47,4.20035E+11,420035235012
929,1500000US420035235013,42,3,523501,3,1319,539,23,516,929,47,4.20035E+11,420035235013
930,1500000US420035235021,42,3,523502,1,1459,624,93,531,930,16,4.20035E+11,420035235021
931,1500000US420035236001,42,3,523600,1,2059,875,107,768,931,47,4.20035E+11,420035236001
932,1500000US420035236002,42,3,523600,2,532,312,61,251,932,47,4.20035E+11,420035236002
933,1500000US420035236003,42,3,523600,3,2151,845,73,772,933,47,4.20035E+11,420035236003
934,1500000US420035237011,42,3,523701,1,714,313,24,289,934,34,4.20035E+11,420035237011
935,1500000US420035237012,42,3,523701,2,1806,784,44,740,935,34,4.20035E+11,420035237012
936,1500000US420035237013,42,3,523701,3,977,452,0,452,936,34,4.20035E+11,420035237013
937,1500000US420035237014,42,3,523701,4,802,313,24,289,937,34,4.20035E+11,420035237014
938,1500000US420035237021,42,3,523702,1,1887,947,180,767,938,34,4.20035E+11,420035237021
939,1500000US420035237022,42,3,523702,2,1780,756,24,732,939,34,4.20035E+11,420035237022
940,1500000US420035237023,42,3,523702,3,1184,555,62,493,940,34,4.20035E+11,420035237023
941,1500000US420035237024,42,3,523702,4,562,254,0,254,941,34,4.20035E+11,420035237024
942,1500000US420035238001,42,3,523800,1,1073,610,43,567,942,34,4.20035E+11,420035238001
943,1500000US420035238002,42,3,523800,2,714,343,0,343,943,34,4.20035E+11,420035238002
944,1500000US420035238003,42,3,523800,3,851,383,99,284,944,34,4.20035E+11,420035238003
945,1500000US420035238004,42,3,523800,4,1605,821,91,730,945,34,4.20035E+11,420035238004
946,1500000US420035240001,42,3,524000,1,760,291,25,266,946,34,4.20035E+11,420035240001
947,1500000US420035240002,42,3,524000,2,1110,560,184,376,947,34,4.20035E+11,420035240002
948,1500000US420035240003,42,3,524000,3,866,388,22,366,948,34,4.20035E+11,420035240003
949,1500000US420035251001,42,3,525100,1,1849,942,32,910,949,34,4.20035E+11,420035251001
950,1500000US420035252001,42,3,525200,1,1379,755,107,648,950,34,4.20035E+11,420035252001
951,1500000US420035252002,42,3,525200,2,991,545,52,493,951,34,4.20035E+11,420035252002
952,1500000US420035253001,42,3,525300,1,731,276,20,256,952,34,4.20035E+11,420035253001
953,1500000US420035253002,42,3,525300,2,1500,674,40,634,953,34,4.20035E+11,420035253002
954,1500000US420035261011,42,3,526101,1,610,258,14,244,954,34,4.20035E+11,420035261011
955,1500000US420035261012,42,3,526101,2,2515,1035,14,1021,955,34,4.20035E+11,420035261012
956,1500000US420035261013,42,3,526101,3,2734,1056,34,1022,956,34,4.20035E+11,420035261013
957,1500000US420035261014,42,3,526101,4,1426,723,65,658,957,34,4.20035E+11,420035261014
958,1500000US420035261021,42,3,526102,1,2038,862,44,818,958,16,4.20035E+11,420035261021
959,1500000US420035262011,42,3,526201,1,1340,549,30,519,959,34,4.20035E+11,420035262011
960,1500000US420035262012,42,3,526201,2,2642,1027,42,985,960,16,4.20035E+11,420035262012
961,1500000US420035262021,42,3,526202,1,1461,532,15,517,961,16,4.20035E+11,420035262021
962,1500000US420035262022,42,3,526202,2,2088,913,20,893,962,16,4.20035E+11,420035262022
963,1500000US420035262023,42,3,526202,3,1066,425,30,395,963,16,4.20035E+11,420035262023
964,1500000US420035263011,42,3,526301,1,1555,725,21,704,964,16,4.20035E+11,420035263011
965,1500000US420035263012,42,3,526301,2,2640,1001,0,1001,965,16,4.20035E+11,420035263012
966,1500000US420035263021,42,3,526302,1,1822,742,17,725,966,16,4.20035E+11,420035263021
967,1500000US420035263022,42,3,526302,2,867,398,0,398,967,16,4.20035E+11,420035263022
968,1500000US420035263023,42,3,526302,3,1474,623,34,589,968,16,4.20035E+11,420035263023
969,1500000US420035263024,42,3,526302,4,1026,518,0,518,969,16,4.20035E+11,420035263024
970,1500000US420035509001,42,3,550900,1,549,266,117,149,970,20,4.20036E+11,420035509001
971,1500000US420035509002,42,3,550900,2,1119,431,207,224,971,20,4.20036E+11,420035509002
972,1500000US420035512001,42,3,551200,1,1076,532,333,199,972,20,4.20036E+11,420035512001
973,1500000US420035512002,42,3,551200,2,1116,562,65,497,973,20,4.20036E+11,420035512002
974,1500000US420035512003,42,3,551200,3,1013,563,125,438,974,20,4.20036E+11,420035512003
975,1500000US420035513001,42,3,551300,1,1104,527,97,430,975,20,4.20036E+11,420035513001
976,1500000US420035513002,42,3,551300,2,1545,720,29,691,976,20,4.20036E+11,420035513002
977,1500000US420035519001,42,3,551900,1,489,242,60,182,977,20,4.20036E+11,420035519001
978,1500000US420035519002,42,3,551900,2,1049,670,530,140,978,20,4.20036E+11,420035519002
979,1500000US420035520001,42,3,552000,1,506,220,24,196,979,20,4.20036E+11,420035520001
980,1500000US420035520002,42,3,552000,2,653,252,35,217,980,20,4.20036E+11,420035520002
981,1500000US420035520003,42,3,552000,3,355,227,100,127,981,20,4.20036E+11,420035520003
982,1500000US420035520004,42,3,552000,4,1025,434,52,382,982,20,4.20036E+11,420035520004
983,1500000US420035521001,42,3,552100,1,983,305,153,152,983,20,4.20036E+11,420035521001
984,1500000US420035521002,42,3,552100,2,678,253,234,19,984,20,4.20036E+11,420035521002
985,1500000US420035522001,42,3,552200,1,970,523,98,425,985,20,4.20036E+11,420035522001
986,1500000US420035523001,42,3,552300,1,400,136,27,109,986,20,4.20036E+11,420035523001
987,1500000US420035523002,42,3,552300,2,414,184,12,172,987,20,4.20036E+11,420035523002
988,1500000US420035523003,42,3,552300,3,1205,521,154,367,988,20,4.20036E+11,420035523003
989,1500000US420035524001,42,3,552400,1,739,313,67,246,989,20,4.20036E+11,420035524001
990,1500000US420035524002,42,3,552400,2,1227,456,57,399,990,20,4.20036E+11,420035524002
991,1500000US420035524003,42,3,552400,3,1150,592,146,446,991,20,4.20036E+11,420035524003
992,1500000US420035604001,42,3,560400,1,682,404,155,249,992,47,4.20036E+11,420035604001
993,1500000US420035604002,42,3,560400,2,971,519,207,312,993,31,4.20036E+11,420035604002
994,1500000US420035605001,42,3,560500,1,929,525,41,484,994,31,4.20036E+11,420035605001
995,1500000US420035605002,42,3,560500,2,1493,790,16,774,995,31,4.20036E+11,420035605002
996,1500000US420035606001,42,3,560600,1,281,215,164,51,996,47,4.20036E+11,420035606001
997,1500000US420035606002,42,3,560600,2,582,342,176,166,997,47,4.20036E+11,420035606002
998,1500000US420035610001,42,3,561000,1,622,297,163,134,998,47,4.20036E+11,420035610001
999,1500000US420035610002,42,3,561000,2,562,307,74,233,999,47,4.20036E+11,420035610002
1000,1500000US420035611001,42,3,561100,1,993,378,171,207,1000,47,4.20036E+11,420035611001
1001,1500000US420035612001,42,3,561200,1,789,342,88,254,1001,47,4.20036E+11,420035612001
1002,1500000US420035612002,42,3,561200,2,568,245,107,138,1002,47,4.20036E+11,420035612002
1003,1500000US420035614001,42,3,561400,1,694,347,0,347,1003,47,4.20036E+11,420035614001
1004,1500000US420035614002,42,3,561400,2,809,533,77,456,1004,47,4.20036E+11,420035614002
1005,1500000US420035614003,42,3,561400,3,1342,845,305,540,1005,47,4.20036E+11,420035614003
1006,1500000US420035614004,42,3,561400,4,1453,901,233,668,1006,47,4.20036E+11,420035614004
1007,1500000US420035615001,42,3,561500,1,1349,812,129,683,1007,47,4.20036E+11,420035615001
1008,1500000US420035615002,42,3,561500,2,805,506,101,405,1008,47,4.20036E+11,420035615002
1009,1500000US420035615003,42,3,561500,3,713,465,168,297,1009,47,4.20036E+11,420035615003
1010,1500000US420035616001,42,3,561600,1,307,183,159,24,1010,7,4.20036E+11,420035616001
1011,1500000US420035616002,42,3,561600,2,729,297,58,239,1011,7,4.20036E+11,420035616002
1012,1500000US420035616003,42,3,561600,3,813,281,41,240,1012,7,4.20036E+11,420035616003
1013,1500000US420035616004,42,3,561600,4,350,145,19,126,1013,7,4.20036E+11,420035616004
1014,1500000US420035617001,42,3,561700,1,226,76,20,56,1014,7,4.20036E+11,420035617001
1015,1500000US420035617002,42,3,561700,2,688,252,64,188,1015,7,4.20036E+11,420035617002
1016,1500000US420035619001,42,3,561900,1,1210,360,121,239,1016,30,4.20036E+11,420035619001
1017,1500000US420035619002,42,3,561900,2,1331,648,282,366,1017,30,4.20036E+11,420035619002
1018,1500000US420035620001,42,3,562000,1,1258,873,374,499,1018,30,4.20036E+11,420035620001
1019,1500000US420035620002,42,3,562000,2,916,623,258,365,1019,30,4.20036E+11,420035620002
1020,1500000US420035620003,42,3,562000,3,586,316,194,122,1020,30,4.20036E+11,420035620003
1021,1500000US420035623001,42,3,562300,1,214,132,83,49,1021,31,4.20036E+11,420035623001
1022,1500000US420035623002,42,3,562300,2,1069,337,207,130,1022,31,4.20036E+11,420035623002
1023,1500000US420035623003,42,3,562300,3,737,284,46,238,1023,31,4.20036E+11,420035623003
1024,1500000US420035623004,42,3,562300,4,292,154,47,107,1024,31,4.20036E+11,420035623004
1025,1500000US420035623005,42,3,562300,5,492,232,74,158,1025,31,4.20036E+11,420035623005
1026,1500000US420035623006,42,3,562300,6,462,246,116,130,1026,31,4.20036E+11,420035623006
1027,1500000US420035624001,42,3,562400,1,1350,560,43,517,1027,7,4.20036E+11,420035624001
1028,1500000US420035624002,42,3,562400,2,320,175,34,141,1028,7,4.20036E+11,420035624002
1029,1500000US420035624003,42,3,562400,3,203,143,15,128,1029,7,4.20036E+11,420035624003
1030,1500000US420035624004,42,3,562400,4,220,122,72,50,1030,7,4.20036E+11,420035624004
1031,1500000US420035624005,42,3,562400,5,442,227,91,136,1031,7,4.20036E+11,420035624005
1032,1500000US420035625001,42,3,562500,1,178,65,0,65,1032,41,4.20036E+11,420035625001
1033,1500000US420035625002,42,3,562500,2,213,131,11,120,1033,41,4.20036E+11,420035625002
1034,1500000US420035625003,42,3,562500,3,808,357,130,227,1034,41,4.20036E+11,420035625003
1035,1500000US420035625004,42,3,562500,4,1398,524,198,326,1035,41,4.20036E+11,420035625004
1036,1500000US420035626001,42,3,562600,1,195,91,24,67,1036,41,4.20036E+11,420035626001
1037,1500000US420035626002,42,3,562600,2,981,443,78,365,1037,41,4.20036E+11,420035626002
1038,1500000US420035626003,42,3,562600,3,1004,340,75,265,1038,41,4.20036E+11,420035626003
1039,1500000US420035626004,42,3,562600,4,430,196,28,168,1039,41,4.20036E+11,420035626004
1040,1500000US420035627001,42,3,562700,1,566,288,29,259,1040,28,4.20036E+11,420035627001
1041,1500000US420035627002,42,3,562700,2,1478,972,282,690,1041,28,4.20036E+11,420035627002
1042,1500000US420035628001,42,3,562800,1,528,255,30,225,1042,23,4.20036E+11,420035628001
1043,1500000US420035628002,42,3,562800,2,974,500,63,437,1043,41,4.20036E+11,420035628002
1044,1500000US420035629001,42,3,562900,1,516,237,93,144,1044,31,4.20036E+11,420035629001
1045,1500000US420035629002,42,3,562900,2,481,177,54,123,1045,7,4.20036E+11,420035629002
1046,1500000US420035629003,42,3,562900,3,843,383,80,303,1046,31,4.20036E+11,420035629003
1047,1500000US420035630001,42,3,563000,1,1147,468,9,459,1047,41,4.20036E+11,420035630001
1048,1500000US420035630002,42,3,563000,2,655,320,27,293,1048,41,4.20036E+11,420035630002
1049,1500000US420035630003,42,3,563000,3,743,335,0,335,1049,41,4.20036E+11,420035630003
1050,1500000US420035630004,42,3,563000,4,568,219,40,179,1050,41,4.20036E+11,420035630004
1051,1500000US420035631001,42,3,563100,1,912,396,18,378,1051,41,4.20036E+11,420035631001
1052,1500000US420035631002,42,3,563100,2,2499,1177,68,1109,1052,41,4.20036E+11,420035631002
1053,1500000US420035631003,42,3,563100,3,352,173,9,164,1053,23,4.20036E+11,420035631003
1054,1500000US420035632001,42,3,563200,1,275,210,0,210,1054,28,4.20036E+11,420035632001
1055,1500000US420035632002,42,3,563200,2,911,670,387,283,1055,28,4.20036E+11,420035632002
1056,1500000US420035632003,42,3,563200,3,897,550,187,363,1056,28,4.20036E+11,420035632003
1057,1500000US420035633001,42,3,563300,1,701,259,7,252,1057,25,4.20036E+11,420035633001
1058,1500000US420035633002,42,3,563300,2,770,288,11,277,1058,22,4.20036E+11,420035633002
1059,1500000US420035638001,42,3,563800,1,696,297,12,285,1059,25,4.20036E+11,420035638001
1060,1500000US420035638002,42,3,563800,2,1826,946,179,767,1060,22,4.20036E+11,420035638002
1061,1500000US420035638003,42,3,563800,3,209,80,4,76,1061,41,4.20036E+11,420035638003
1062,1500000US420035638004,42,3,563800,4,83,32,6,26,1062,22,4.20036E+11,420035638004
1063,1500000US420035638005,42,3,563800,5,576,198,4,194,1063,22,4.20036E+11,420035638005
1064,1500000US420035638006,42,3,563800,6,343,131,3,128,1064,25,4.20036E+11,420035638006
1065,1500000US420035639001,42,3,563900,1,735,363,43,320,1065,47,4.20036E+11,420035639001
1066,1500000US420035639002,42,3,563900,2,1478,636,50,586,1066,47,4.20036E+11,420035639002
1067,1500000US420035639003,42,3,563900,3,756,473,70,403,1067,47,4.20036E+11,420035639003
1068,1500000US420035639004,42,3,563900,4,1093,456,20,436,1068,47,4.20036E+11,420035639004
1069,1500000US420035640001,42,3,564000,1,3648,1496,60,1436,1069,44,4.20036E+11,420035640001
1070,1500000US420035640002,42,3,564000,2,2357,868,0,868,1070,44,4.20036E+11,420035640002
1071,1500000US420035640003,42,3,564000,3,447,171,9,162,1071,44,4.20036E+11,420035640003
1072,1500000US420035641001,42,3,564100,1,436,185,3,182,1072,23,4.20036E+11,420035641001
1073,1500000US420035641002,42,3,564100,2,454,182,0,182,1073,41,4.20036E+11,420035641002
1074,1500000US420035642001,42,3,564200,1,406,158,3,155,1074,20,4.20036E+11,420035642001
1075,1500000US420035642002,42,3,564200,2,802,434,11,423,1075,20,4.20036E+11,420035642002
1076,1500000US420035642003,42,3,564200,3,916,421,8,413,1076,20,4.20036E+11,420035642003
1077,1500000US420035644001,42,3,564400,1,682,401,31,370,1077,20,4.20036E+11,420035644001
1078,1500000US420035644002,42,3,564400,2,1189,462,38,424,1078,20,4.20036E+11,420035644002
1079,1500000US420035644003,42,3,564400,3,1253,537,25,512,1079,20,4.20036E+11,420035644003
1080,1500000US420035644004,42,3,564400,4,1279,654,116,538,1080,20,4.20036E+11,420035644004
1081,1500000US420035644005,42,3,564400,5,767,384,0,384,1081,20,4.20036E+11,420035644005
1082,1500000US420035644006,42,3,564400,6,667,264,14,250,1082,16,4.20036E+11,420035644006
1083,1500000US420035644007,42,3,564400,7,0,0,0,0,1083,47,4.20036E+11,420035644007
1084,1500000US420035645001,42,3,564500,1,1588,655,27,628,1084,42,4.20036E+11,420035645001
1085,1500000US420035645002,42,3,564500,2,884,379,9,370,1085,42,4.20036E+11,420035645002
1086,1500000US420035645003,42,3,564500,3,501,162,17,145,1086,42,4.20036E+11,420035645003
1087,1500000US420039800001,42,3,980000,1,540,0,0,0,1087,30,4.2004E+11,420039800001
1088,1500000US420039801001,42,3,980100,1,13,13,0,13,1088,30,4.2004E+11,420039801001
1089,1500000US420039803001,42,3,980300,1,0,0,0,0,1089,47,4.2004E+11,420039803001
1090,1500000US420039804001,42,3,980400,1,0,0,0,0,1090,47,4.2004E+11,420039804001
1091,1500000US420039805001,42,3,980500,1,9,9,0,9,1091,31,4.2004E+11,420039805001
1092,1500000US420039806001,42,3,980600,1,11,8,4,4,1092,28,4.2004E+11,420039806001
1093,1500000US420039807001,42,3,980700,1,4,4,0,4,1093,7,4.2004E+11,420039807001
1094,1500000US420039808001,42,3,980800,1,0,0,0,0,1094,47,4.2004E+11,420039808001
1095,1500000US420039809001,42,3,980900,1,1652,0,0,0,1095,28,4.2004E+11,420039809001
1096,1500000US420039810001,42,3,981000,1,0,0,0,0,1096,47,4.2004E+11,420039810001
1097,1500000US420039811001,42,3,981100,1,0,0,0,0,1097,47,4.2004E+11,420039811001
1098,1500000US420039812001,42,3,981200,1,0,0,0,0,1098,47,4.2004E+11,420039812001
1099,1500000US420039818001,42,3,981800,1,226,8,8,0,1099,30,4.2004E+11,420039818001
1100,1500000US420039822001,42,3,982200,1,4619,11,3,8,1100,31,4.2004E+11,420039822001
